"fixture_id","h2h_last","h2h_matches","h2h_home_wins","h2h_draws","h2h_away_wins","h2h_home_goals_for","h2h_home_goals_against","h2h_home_goal_diff","updated_at"
"1378011",10,2,1,0,1,"1","1.5","-0.5","2025-12-14 17:15:02.191196-08"
"1378014",10,3,1,2,0,"1.3333334","0.6666667","0.6666667","2025-12-14 17:15:14.574804-08"
"1378015",10,2,0,0,2,"1","2","-1","2025-12-14 17:16:25.350793-08"
"1378016",10,10,5,1,4,"1.2","1.2","0","2025-12-14 17:15:17.868722-08"
"1378017",10,10,0,4,6,"0.9","2.4","-1.5","2025-12-14 17:15:19.055341-08"
"1378018",10,10,8,1,1,"2.5","0.4","2.1","2025-12-14 17:16:23.92612-08"
"1378019",10,10,4,5,1,"1.3","0.9","0.4","2025-12-14 17:15:12.576931-08"
"1378020",10,3,3,0,0,"3.6666667","0.6666667","3","2025-12-14 17:15:10.668376-08"
"1378021",10,10,6,2,2,"1.9","0.7","1.2","2025-12-14 17:16:21.35285-08"
"1378022",10,10,2,4,4,"1.3","1.5","-0.2","2025-12-14 17:15:15.513969-08"
"1378023",10,10,3,2,5,"0.9","1.3","-0.4","2025-12-14 17:16:24.390428-08"
"1378024",10,10,0,2,8,"0.7","2.3","-1.6","2025-12-14 17:15:29.529661-08"
"1378025",10,10,3,3,4,"1.9","1.7","0.2","2025-12-14 17:15:29.046454-08"
"1378026",10,3,0,1,2,"1","3","-2","2025-12-14 17:15:27.647472-08"
"1378027",10,5,1,2,2,"0.6","1.4","-0.8","2025-12-14 17:15:22.484802-08"
"1378028",10,10,9,1,0,"2.1","0.8","1.3","2025-12-14 17:15:27.17086-08"
"1378029",10,10,2,7,1,"1.1","1","0.1","2025-12-14 17:15:21.552849-08"
"1378030",10,0,0,0,0,"0","0","0","2025-12-14 17:15:26.703521-08"
"1378031",10,10,7,2,1,"1.6","0.8","0.8","2025-12-14 17:15:29.994763-08"
"1378032",10,10,3,3,4,"1.4","1.5","-0.1","2025-12-14 17:15:22.943409-08"
"1378033",10,10,2,4,4,"1.1","1.3","-0.2","2025-12-14 17:15:25.760211-08"
"1378034",10,10,6,2,2,"1.7","1.1","0.6","2025-12-14 17:15:44.075651-08"
"1378035",10,10,0,3,7,"0.8","2.6","-1.8","2025-12-14 17:15:36.596088-08"
"1378036",10,2,1,0,1,"2","1","1","2025-12-14 17:15:37.642772-08"
"1378037",10,4,3,1,0,"1.75","0.5","1.25","2025-12-14 17:15:46.919095-08"
"1378038",10,2,1,1,0,"0.5","0","0.5","2025-12-14 17:15:39.08044-08"
"1378039",10,10,4,2,4,"2","1.2","0.8","2025-12-14 17:15:54.001678-08"
"1378040",10,10,7,3,0,"1.7","0.5","1.2","2025-12-14 17:15:42.024765-08"
"1378041",10,10,4,2,4,"1.3","1.7","-0.4","2025-12-14 17:15:45.488149-08"
"1378042",10,10,4,2,4,"1.5","0.9","0.6","2025-12-14 17:15:39.530957-08"
"1378043",10,10,0,5,5,"0.7","1.2","-0.5","2025-12-14 17:15:51.994717-08"
"1378044",10,10,4,2,4,"0.8","1.2","-0.4","2025-12-14 17:15:57.393417-08"
"1378045",10,2,0,0,2,"0","1","-1","2025-12-14 17:16:04.149838-08"
"1378046",10,10,5,1,4,"1.5","1","0.5","2025-12-14 17:16:01.440656-08"
"1378047",10,10,1,2,7,"0.9","2","-1.1","2025-12-14 17:15:55.906186-08"
"1378048",10,10,6,3,1,"1.9","1","0.9","2025-12-14 17:16:04.628894-08"
"1378049",10,10,5,3,2,"1.7","1.3","0.4","2025-12-14 17:15:57.865915-08"
"1378050",10,10,1,3,6,"1.1","1.8","-0.7","2025-12-14 17:16:02.403084-08"
"1378051",10,7,2,4,1,"1.5714285","1.4285715","0.14285715","2025-12-14 17:15:55.429833-08"
"1378052",10,10,3,1,6,"1.4","2.2","-0.8","2025-12-14 17:15:56.399671-08"
"1378053",10,10,6,2,2,"1.5","1","0.5","2025-12-14 17:16:01.92694-08"
"1378054",10,10,5,3,2,"2.2","1.6","0.6","2025-12-14 17:16:10.58989-08"
"1378055",10,3,0,1,2,"0.6666667","1.6666666","-1","2025-12-14 17:16:06.626812-08"
"1378056",10,10,3,1,6,"1.5","1.8","-0.3","2025-12-14 17:16:11.559778-08"
"1378057",10,10,4,5,1,"1.5","1","0.5","2025-12-14 17:16:18.126245-08"
"1378058",10,10,4,4,2,"1.4","1.2","0.2","2025-12-14 17:16:17.601346-08"
"1378059",10,3,3,0,0,"1.6666666","0.33333334","1.3333334","2025-12-14 17:16:18.60376-08"
"1378060",10,10,4,2,4,"1.8","1.5","0.3","2025-12-14 17:16:11.077312-08"
"1378061",10,10,4,4,2,"1.6","1.5","0.1","2025-12-14 17:16:09.622397-08"
"1378062",10,1,1,0,0,"1","0","1","2025-12-14 17:16:06.115044-08"
"1378063",10,10,1,3,6,"1","1.9","-0.9","2025-12-14 17:16:15.201414-08"
"1378064",10,10,4,2,4,"1.4","1.3","0.1","2025-12-14 17:16:37.761552-08"
"1378065",10,10,0,2,8,"0.7","2.1","-1.4","2025-12-14 17:16:36.231995-08"
"1378066",10,7,1,4,2,"1.1428572","1.4285715","-0.2857143","2025-12-14 17:16:48.183196-08"
"1378067",10,3,1,1,1,"2","1.3333334","0.6666667","2025-12-14 17:16:48.638785-08"
"1378068",10,10,7,3,0,"2.6","0.9","1.7","2025-12-14 17:16:47.138319-08"
"1378069",10,10,7,2,1,"2.9","0.9","2","2025-12-14 17:16:34.189291-08"
"1378070",10,10,5,2,3,"1.8","1","0.8","2025-12-14 17:16:37.178725-08"
"1378071",10,1,0,1,0,"1","1","0","2025-12-14 17:16:26.96932-08"
"1378072",10,10,2,2,6,"0.8","1.4","-0.6","2025-12-14 17:16:45.184615-08"
"1378073",10,10,2,0,8,"1.1","2.2","-1.1","2025-12-14 17:16:28.423474-08"
"1378074",10,10,7,1,2,"2.8","1.3","1.5","2025-12-14 17:16:59.818672-08"
"1378075",10,3,2,0,1,"2","0.6666667","1.3333334","2025-12-14 17:16:51.674545-08"
"1378076",10,10,6,4,0,"1.5","0.5","1","2025-12-14 17:16:56.489442-08"
"1378077",10,10,5,3,2,"1.8","0.9","0.9","2025-12-14 17:17:02.290473-08"
"1378078",10,2,1,1,0,"1.5","0.5","1","2025-12-14 17:16:50.635645-08"
"1378079",10,10,2,2,6,"0.9","1.6","-0.7","2025-12-14 17:17:07.876952-08"
"1378080",10,10,4,2,4,"1.3","1.5","-0.2","2025-12-14 17:16:58.413541-08"
"1378081",10,9,4,1,4,"1.6666666","1.5555556","0.11111111","2025-12-14 17:17:11.271565-08"
"1378082",10,6,1,2,3,"1.1666666","2","-0.8333333","2025-12-14 17:16:59.35068-08"
"1378083",10,10,3,5,2,"1.3","1","0.3","2025-12-14 17:17:12.227949-08"
"1378084",10,10,2,3,5,"0.9","1.6","-0.7","2025-12-14 17:17:24.507845-08"
"1378085",10,10,3,4,3,"1","1.1","-0.1","2025-12-14 17:17:24.023736-08"
"1378086",10,4,1,1,2,"1.25","2.25","-1","2025-12-14 17:17:23.558804-08"
"1378087",10,3,0,0,3,"1","3","-2","2025-12-14 17:17:27.803604-08"
"1378088",10,10,8,0,2,"2.2","1","1.2","2025-12-14 17:17:27.344873-08"
"1378089",10,10,5,2,3,"1.9","1.5","0.4","2025-12-14 17:17:25.952676-08"
"1378090",10,10,2,2,6,"1","1.9","-0.9","2025-12-14 17:17:24.986768-08"
"1378091",10,3,1,1,1,"1.6666666","1.3333334","0.33333334","2025-12-14 17:17:22.539606-08"
"1378092",10,10,5,1,4,"1.1","1","0.1","2025-12-14 17:17:26.419402-08"
"1378093",10,10,1,1,8,"0.8","2","-1.2","2025-12-14 17:17:22.05622-08"
"1378094",10,4,2,2,0,"2","0.75","1.25","2025-12-14 17:17:49.766784-08"
"1378095",10,10,5,4,1,"2","1","1","2025-12-14 17:17:48.802515-08"
"1378096",10,10,4,4,2,"0.8","0.9","-0.1","2025-12-14 17:17:49.277105-08"
"1378097",10,10,1,3,6,"1.1","2.3","-1.2","2025-12-14 17:17:47.391515-08"
"1378098",10,10,5,1,4,"1.3","0.8","0.5","2025-12-14 17:17:50.235453-08"
"1378099",10,10,2,2,6,"0.7","1.3","-0.6","2025-12-14 17:17:46.926073-08"
"1378100",10,2,2,0,0,"2","1","1","2025-12-14 17:17:47.875098-08"
"1378101",10,10,7,1,2,"2.1","1.1","1","2025-12-14 17:17:48.338396-08"
"1378102",10,10,3,0,7,"1.1","1.7","-0.6","2025-12-14 17:17:46.458116-08"
"1378103",10,3,0,3,0,"0.33333334","0.33333334","0","2025-12-14 17:17:50.70182-08"
"1378104",10,10,3,5,2,"1.6","1.2","0.4","2025-12-14 17:18:09.935341-08"
"1378105",10,3,2,0,1,"1.3333334","1","0.33333334","2025-12-14 17:18:13.882467-08"
"1378106",10,2,1,1,0,"1","0","1","2025-12-14 17:18:14.341349-08"
"1378107",10,10,3,3,4,"1.5","1.6","-0.1","2025-12-14 17:18:10.914041-08"
"1378108",10,10,4,4,2,"1.3","1.1","0.2","2025-12-14 17:18:10.434087-08"
"1378109",10,10,5,4,1,"1.1","0.7","0.4","2025-12-14 17:18:12.473378-08"
"1378110",10,10,3,2,5,"1.3","1.5","-0.2","2025-12-14 17:18:13.418318-08"
"1378111",10,1,0,1,0,"2","2","0","2025-12-14 17:18:11.984179-08"
"1378112",10,10,2,4,4,"0.7","1.1","-0.4","2025-12-14 17:18:12.941913-08"
"1378113",10,10,4,5,1,"1.6","1.2","0.4","2025-12-14 17:18:11.392922-08"
"1378114",10,10,4,0,6,"1.9","1.9","0","2025-12-14 17:18:37.177243-08"
"1378115",10,10,3,6,1,"1.4","1","0.4","2025-12-14 17:18:33.434833-08"
"1378116",10,10,0,1,9,"0.6","2","-1.4","2025-12-14 17:18:37.63796-08"
"1378117",10,1,0,1,0,"0","0","0","2025-12-14 17:18:33.900347-08"
"1378118",10,10,1,4,5,"0.6","1.2","-0.6","2025-12-14 17:18:34.819656-08"
"1378119",10,3,2,0,1,"1.6666666","1","0.6666667","2025-12-14 17:18:36.688224-08"
"1378120",10,10,1,1,8,"0.4","2.5","-2.1","2025-12-14 17:18:36.223963-08"
"1378121",10,10,6,3,1,"2.1","1.3","0.8","2025-12-14 17:18:35.287179-08"
"1378122",10,5,3,0,2,"1.6","1.2","0.4","2025-12-14 17:18:34.361403-08"
"1378123",10,10,6,1,3,"2","1.6","0.4","2025-12-14 17:18:35.75991-08"
"1378124",10,5,2,2,1,"1.4","0.6","0.8","2025-12-14 17:19:01.233984-08"
"1378125",10,3,1,2,0,"1","0.6666667","0.33333334","2025-12-14 17:19:02.194671-08"
"1378126",10,10,7,3,0,"2","0.5","1.5","2025-12-14 17:19:00.724015-08"
"1378127",10,10,1,4,5,"1.3","1.8","-0.5","2025-12-14 17:18:58.855748-08"
"1378128",10,2,0,0,2,"0","3.5","-3.5","2025-12-14 17:18:57.800727-08"
"1378129",10,10,1,5,4,"0.9","1.3","-0.4","2025-12-14 17:18:59.311245-08"
"1378130",10,10,3,1,6,"1.1","1.9","-0.8","2025-12-14 17:19:00.252138-08"
"1378131",10,10,1,6,3,"0.9","1.3","-0.4","2025-12-14 17:18:58.257625-08"
"1378132",10,10,4,1,5,"1.2","1.2","0","2025-12-14 17:18:59.78945-08"
"1378133",10,10,2,3,5,"1.3","1.7","-0.4","2025-12-14 17:19:01.703033-08"
"1378134",10,10,4,5,1,"1.7","1","0.7","2025-12-14 17:19:22.282732-08"
"1378135",10,10,5,2,3,"1.3","0.9","0.4","2025-12-14 17:19:24.154484-08"
"1378136",10,7,2,3,2,"1.1428572","1.2857143","-0.14285715","2025-12-14 17:19:24.750199-08"
"1378137",10,10,1,7,2,"1","1.1","-0.1","2025-12-14 17:19:26.240641-08"
"1378138",10,10,1,2,7,"0.8","1.6","-0.8","2025-12-14 17:19:22.786084-08"
"1378139",10,0,0,0,0,"0","0","0","2025-12-14 17:19:21.7768-08"
"1378140",10,10,5,2,3,"1.3","0.9","0.4","2025-12-14 17:19:25.736828-08"
"1378141",10,9,4,2,3,"1.2222222","1.3333334","-0.11111111","2025-12-14 17:19:25.238116-08"
"1378142",10,10,4,2,4,"1.3","1.5","-0.2","2025-12-14 17:19:21.287077-08"
"1378143",10,10,7,1,2,"1.5","0.6","0.9","2025-12-14 17:19:23.377343-08"
"1378144",10,2,1,0,1,"1.5","1","0.5","2025-12-14 17:19:46.096876-08"
"1378145",10,4,0,1,3,"0.5","1.75","-1.25","2025-12-14 17:19:49.658319-08"
"1378146",10,10,8,2,0,"2.3","0.7","1.6","2025-12-14 17:19:45.575271-08"
"1378147",10,10,3,1,6,"1","1.5","-0.5","2025-12-14 17:19:47.038414-08"
"1378148",10,10,7,2,1,"1.8","0.6","1.2","2025-12-14 17:19:47.971815-08"
"1378149",10,3,0,2,1,"0.6666667","1.3333334","-0.6666667","2025-12-14 17:19:50.166044-08"
"1378150",10,10,4,3,3,"1.7","1.9","-0.2","2025-12-14 17:19:49.02429-08"
"1378151",10,10,3,4,3,"1.3","1","0.3","2025-12-14 17:19:47.513343-08"
"1378152",10,10,1,1,8,"0.4","1.8","-1.4","2025-12-14 17:19:48.542974-08"
"1378153",10,10,2,4,4,"1","1.3","-0.3","2025-12-14 17:19:46.564204-08"
"1378154",10,10,7,1,2,"2.4","1","1.4","2025-12-14 17:20:09.568939-08"
"1378155",10,10,4,2,4,"1.3","1.1","0.2","2025-12-14 17:20:10.527774-08"
"1378156",10,10,0,4,6,"0.6","1.9","-1.3","2025-12-14 17:20:12.405706-08"
"1378157",10,7,1,4,2,"1.4285715","1.5714285","-0.14285715","2025-12-14 17:20:13.463894-08"
"1378158",10,10,2,1,7,"1.1","2","-0.9","2025-12-14 17:20:11.941971-08"
"1378159",10,10,4,5,1,"1.2","0.7","0.5","2025-12-14 17:20:11.480759-08"
"1378160",10,10,6,1,3,"2.2","1.4","0.8","2025-12-14 17:20:10.056152-08"
"1378161",10,10,4,2,4,"1.4","1.3","0.1","2025-12-14 17:20:11.002934-08"
"1378162",10,7,2,2,3,"0.85714287","1.1428572","-0.2857143","2025-12-14 17:20:12.97195-08"
"1378163",10,10,7,2,1,"2","0.9","1.1","2025-12-14 17:20:13.924921-08"
"1378164",10,3,1,1,1,"1.6666666","2.3333333","-0.6666667","2025-12-14 17:20:28.255483-08"
"1378165",10,10,8,0,2,"1.8","0.6","1.2","2025-12-14 17:20:24.788576-08"
"1378166",10,10,7,2,1,"1.8","0.7","1.1","2025-12-14 17:20:25.280048-08"
"1378167",10,10,8,1,1,"1.8","0.7","1.1","2025-12-14 17:20:27.284687-08"
"1378168",10,10,2,2,6,"0.9","2.4","-1.5","2025-12-14 17:20:27.774601-08"
"1378169",10,10,3,2,5,"1","1.4","-0.4","2025-12-14 17:20:25.748518-08"
"1378170",10,3,0,1,2,"0.6666667","2.3333333","-1.6666666","2025-12-14 17:20:26.794874-08"
"1378171",10,10,2,5,3,"1.1","1.3","-0.2","2025-12-14 17:20:23.852615-08"
"1378172",10,2,1,0,1,"1","2","-1","2025-12-14 17:20:24.32096-08"
"1378173",10,10,3,2,5,"0.9","1.5","-0.6","2025-12-14 17:20:26.236952-08"
"1378174",10,10,1,6,3,"1.2","1.2","0","2025-12-14 17:20:53.917687-08"
"1378175",10,10,6,4,0,"1.9","0.9","1","2025-12-14 17:20:54.38962-08"
"1378176",10,2,2,0,0,"1","0","1","2025-12-14 17:20:51.991164-08"
"1378177",10,3,0,0,3,"0","2.6666667","-2.6666667","2025-12-14 17:20:55.442196-08"
"1378178",10,10,4,1,5,"1","1.5","-0.5","2025-12-14 17:20:52.965229-08"
"1378179",10,10,4,3,3,"1.4","1.7","-0.3","2025-12-14 17:20:56.452575-08"
"1378180",10,10,5,3,2,"1.9","1.1","0.8","2025-12-14 17:20:55.914128-08"
"1378181",10,10,2,2,6,"0.7","1.9","-1.2","2025-12-14 17:20:54.989817-08"
"1378182",10,1,1,0,0,"1","0","1","2025-12-14 17:20:53.438861-08"
"1378183",10,10,5,5,0,"1.2","0.7","0.5","2025-12-14 17:20:52.506309-08"
"1378184",10,7,1,3,3,"0.85714287","1.4285715","-0.5714286","2025-12-14 17:21:17.036565-08"
"1378185",10,10,8,2,0,"2.4","0.6","1.8","2025-12-14 17:21:16.113163-08"
"1378186",10,10,4,6,0,"1.9","1","0.9","2025-12-14 17:21:18.968324-08"
"1378187",10,10,3,2,5,"0.9","1.7","-0.8","2025-12-14 17:21:17.534014-08"
"1378188",10,10,4,2,4,"1.7","1.3","0.4","2025-12-14 17:21:15.17699-08"
"1378189",10,2,0,1,1,"0","0.5","-0.5","2025-12-14 17:21:15.637164-08"
"1378190",10,10,2,2,6,"1.1","1.7","-0.6","2025-12-14 17:21:18.498148-08"
"1378191",10,2,0,0,2,"0","2.5","-2.5","2025-12-14 17:21:18.013662-08"
"1378192",10,10,4,2,4,"1.5","1.6","-0.1","2025-12-14 17:21:19.459567-08"
"1378193",10,10,0,1,9,"0.8","2.1","-1.3","2025-12-14 17:21:16.571726-08"
"1378194",10,10,4,3,3,"1.1","0.8","0.3","2025-12-14 17:21:46.704833-08"
"1378195",10,10,2,1,7,"0.9","1.8","-0.9","2025-12-14 17:21:44.83352-08"
"1378196",10,10,3,2,5,"1.7","1.8","-0.1","2025-12-14 17:21:46.222655-08"
"1378197",10,5,0,4,1,"1","1.2","-0.2","2025-12-14 17:21:45.754948-08"
"1378198",10,10,4,4,2,"1.3","1.1","0.2","2025-12-14 17:21:47.194033-08"
"1378199",10,10,3,5,2,"0.7","0.6","0.1","2025-12-14 17:21:45.287576-08"
"1378200",10,3,2,1,0,"3","1","2","2025-12-14 17:21:48.154325-08"
"1378201",10,8,3,3,2,"0.875","0.75","0.125","2025-12-14 17:21:43.903387-08"
"1378202",10,10,0,1,9,"0.4","2.1","-1.7","2025-12-14 17:21:47.669349-08"
"1378203",10,10,5,3,2,"1.2","0.6","0.6","2025-12-14 17:21:44.363022-08"
"1378204",10,10,6,4,0,"2.4","0.9","1.5","2025-12-14 17:22:03.436132-08"
"1378205",10,10,7,0,3,"1.6","0.9","0.7","2025-12-14 17:22:02.966238-08"
"1378206",10,3,1,1,1,"1","1.3333334","-0.33333334","2025-12-14 17:22:05.899778-08"
"1378207",10,3,0,0,3,"0.6666667","3.6666667","-3","2025-12-14 17:22:06.364508-08"
"1378208",10,10,6,3,1,"1.8","1.1","0.7","2025-12-14 17:22:06.854397-08"
"1378209",10,10,6,3,1,"1.5","0.6","0.9","2025-12-14 17:22:04.904748-08"
"1378210",10,5,2,0,3,"0.8","0.8","0","2025-12-14 17:22:07.328274-08"
"1378211",10,10,5,2,3,"1.5","1.5","0","2025-12-14 17:22:03.919658-08"
"1378212",10,10,3,3,4,"1.7","2.1","-0.4","2025-12-14 17:22:05.405473-08"
"1378213",10,10,2,2,6,"1","1.5","-0.5","2025-12-14 17:22:04.413237-08"
"1378214",10,10,2,4,4,"0.8","1.7","-0.9","2025-12-14 17:22:32.627424-08"
"1378215",10,10,2,4,4,"0.9","1.4","-0.5","2025-12-14 17:22:35.696562-08"
"1378216",10,10,5,5,0,"2","0.8","1.2","2025-12-14 17:22:35.24694-08"
"1378217",10,10,1,2,7,"0.8","2.4","-1.6","2025-12-14 17:22:34.300008-08"
"1378218",10,10,0,3,7,"0.5","1.7","-1.2","2025-12-14 17:22:31.693579-08"
"1378219",10,10,3,3,4,"1.4","1.3","0.1","2025-12-14 17:22:34.779809-08"
"1378220",10,10,5,3,2,"1.7","1","0.7","2025-12-14 17:22:32.162166-08"
"1378221",10,10,2,0,8,"0.7","1.9","-1.2","2025-12-14 17:22:33.718693-08"
"1378222",10,10,4,4,2,"1.5","1.3","0.2","2025-12-14 17:22:31.224057-08"
"1378223",10,3,0,1,2,"1.3333334","2.3333333","-1","2025-12-14 17:22:33.114192-08"
"1378224",10,10,4,2,4,"1.2","0.8","0.4","2025-12-14 17:22:55.711267-08"
"1378225",10,10,4,3,3,"1.5","1.4","0.1","2025-12-14 17:22:57.597345-08"
"1378226",10,9,2,4,3,"1.1111112","1.1111112","0","2025-12-14 17:22:56.635999-08"
"1378227",10,10,1,3,6,"1","1.9","-0.9","2025-12-14 17:22:59.135064-08"
"1378228",10,10,9,1,0,"2.5","0.5","2","2025-12-14 17:22:58.079312-08"
"1378229",10,10,5,3,2,"1","0.9","0.1","2025-12-14 17:22:57.109056-08"
"1378230",10,1,0,0,1,"2","3","-1","2025-12-14 17:22:56.173777-08"
"1378231",10,10,4,2,4,"1","0.7","0.3","2025-12-14 17:22:55.25492-08"
"1378232",10,8,4,3,1,"1.375","1","0.375","2025-12-14 17:22:54.780926-08"
"1378233",10,4,2,2,0,"1.75","0.5","1.25","2025-12-14 17:22:58.672463-08"
"1378234",10,10,4,2,4,"1.2","2","-0.8","2025-12-14 17:23:12.593328-08"
"1378235",10,7,5,2,0,"2.142857","1","1.1428572","2025-12-14 17:23:11.178318-08"
"1378236",10,10,5,1,4,"1.3","1.5","-0.2","2025-12-14 17:23:09.62639-08"
"1378237",10,1,0,1,0,"0","0","0","2025-12-14 17:23:13.539293-08"
"1378238",10,10,1,4,5,"1","1.7","-0.7","2025-12-14 17:23:12.116925-08"
"1378239",10,10,7,3,0,"2.6","0.8","1.8","2025-12-14 17:23:14.02334-08"
"1378240",10,10,6,3,1,"2.4","1","1.4","2025-12-14 17:23:10.099435-08"
"1378241",10,10,4,2,4,"0.9","1.5","-0.6","2025-12-14 17:23:11.645651-08"
"1378242",10,10,0,5,5,"0.6","1.4","-0.8","2025-12-14 17:23:10.694067-08"
"1378243",10,10,3,1,6,"1.3","1.9","-0.6","2025-12-14 17:23:13.072584-08"
"1379125",10,10,5,2,3,"2","1.4","0.6","2025-12-14 17:15:03.140287-08"
"1379129",10,10,1,3,6,"1.2","1.8","-0.6","2025-12-14 17:15:17.396483-08"
"1379130",10,10,4,0,6,"1.2","1.9","-0.7","2025-12-14 17:15:09.262046-08"
"1379131",10,1,1,0,0,"1","0","1","2025-12-14 17:15:08.316314-08"
"1379132",10,10,3,2,5,"0.7","1.6","-0.9","2025-12-14 17:15:13.650848-08"
"1379133",10,10,8,0,2,"2.2","0.8","1.4","2025-12-14 17:15:20.476841-08"
"1379134",10,10,3,4,3,"1.2","1.6","-0.4","2025-12-14 17:15:14.118217-08"
"1379135",10,10,8,2,0,"2.4","0.8","1.6","2025-12-14 17:15:09.726075-08"
"1379136",10,10,4,3,3,"1.5","1","0.5","2025-12-14 17:15:04.664472-08"
"1379137",10,10,2,2,6,"1.6","2.9","-1.3","2025-12-14 17:15:11.616053-08"
"1379138",10,10,4,3,3,"1.7","1.6","0.1","2025-12-14 17:15:08.79196-08"
"1379139",10,10,4,3,3,"1.5","1.2","0.3","2025-12-14 17:15:23.404157-08"
"1379140",10,10,7,2,1,"1.7","0.8","0.9","2025-12-14 17:15:25.263171-08"
"1379141",10,10,3,1,6,"0.8","1.6","-0.8","2025-12-14 17:15:24.321832-08"
"1379142",10,10,3,2,5,"1.1","1","0.1","2025-12-14 17:15:26.232993-08"
"1379143",10,10,3,1,6,"1","1.8","-0.8","2025-12-14 17:15:28.578726-08"
"1379144",10,10,8,1,1,"1.8","0.9","0.9","2025-12-14 17:15:23.860805-08"
"1379145",10,10,3,2,5,"1.1","1.6","-0.5","2025-12-14 17:15:20.947626-08"
"1379146",10,7,1,1,5,"0.2857143","2.2857144","-2","2025-12-14 17:15:22.029863-08"
"1379147",10,7,2,3,2,"0.85714287","1","-0.14285715","2025-12-14 17:15:28.110335-08"
"1379148",10,10,5,3,2,"1.3","1.3","0","2025-12-14 17:15:24.796355-08"
"1379149",10,10,5,1,4,"1.5","1.2","0.3","2025-12-14 17:15:32.418348-08"
"1379150",10,10,1,3,6,"1","1.9","-0.9","2025-12-14 17:15:35.442936-08"
"1379151",10,10,1,2,7,"0.6","1.6","-1","2025-12-14 17:15:30.976639-08"
"1379152",10,9,5,4,0,"1.5555556","0.7777778","0.7777778","2025-12-14 17:15:31.92361-08"
"1379153",10,10,4,4,2,"1.2","1","0.2","2025-12-14 17:15:33.712752-08"
"1379154",10,8,5,2,1,"3.25","1.25","2","2025-12-14 17:15:34.21068-08"
"1379155",10,10,7,0,3,"1.5","0.9","0.6","2025-12-14 17:15:32.929769-08"
"1379156",10,7,1,2,4,"0.71428573","1.4285715","-0.71428573","2025-12-14 17:15:31.426414-08"
"1379157",10,10,0,1,9,"0.9","2.8","-1.9","2025-12-14 17:15:34.78655-08"
"1379158",10,10,1,5,4,"1","1.7","-0.7","2025-12-14 17:15:30.508417-08"
"1379159",10,9,5,2,2,"2.1111112","1.5555556","0.5555556","2025-12-14 17:15:38.12514-08"
"1379160",10,10,2,2,6,"0.9","1.9","-1","2025-12-14 17:15:42.514799-08"
"1379161",10,10,2,5,3,"0.9","1.3","-0.4","2025-12-14 17:15:39.991956-08"
"1379162",10,9,4,3,2,"1.4444444","0.8888889","0.5555556","2025-12-14 17:15:49.489016-08"
"1379163",10,10,2,4,4,"1.5","1.8","-0.3","2025-12-14 17:15:48.972925-08"
"1379164",10,9,0,3,6,"0.7777778","2.6666667","-1.8888888","2025-12-14 17:15:45.971853-08"
"1379165",10,10,8,2,0,"2.3","0.8","1.5","2025-12-14 17:15:53.533991-08"
"1379166",10,10,3,5,2,"1.3","0.6","0.7","2025-12-14 17:15:48.471924-08"
"1379167",10,10,8,2,0,"2","0.7","1.3","2025-12-14 17:15:47.997595-08"
"1379168",10,10,5,0,5,"1.1","1.3","-0.2","2025-12-14 17:15:40.451089-08"
"1379169",10,10,2,4,4,"1.4","1.7","-0.3","2025-12-14 17:16:05.107233-08"
"1379170",10,10,4,2,4,"1.3","1.5","-0.2","2025-12-14 17:15:58.372768-08"
"1379171",10,3,1,1,1,"2","1.6666666","0.33333334","2025-12-14 17:15:58.985538-08"
"1379172",10,10,1,2,7,"0.8","1.7","-0.9","2025-12-14 17:16:02.875906-08"
"1379173",10,10,6,2,2,"2.4","1","1.4","2025-12-14 17:16:00.932153-08"
"1379174",10,10,2,2,6,"1.1","1.5","-0.4","2025-12-14 17:15:59.456457-08"
"1379175",10,10,2,1,7,"0.5","1.4","-0.9","2025-12-14 17:15:59.939074-08"
"1379176",10,10,5,2,3,"2.3","1.3","1","2025-12-14 17:16:00.460462-08"
"1379177",10,10,3,5,2,"1.2","1.1","0.1","2025-12-14 17:16:03.648438-08"
"1379178",10,10,5,0,5,"1.7","1.7","0","2025-12-14 17:15:56.906654-08"
"1379179",10,10,7,2,1,"1.7","0.5","1.2","2025-12-14 17:16:40.823766-08"
"1379180",10,10,6,0,4,"1.4","1.6","-0.2","2025-12-14 17:16:49.126964-08"
"1379181",10,10,3,4,3,"1","1.3","-0.3","2025-12-14 17:16:31.801883-08"
"1379182",10,10,3,1,6,"1.3","1.6","-0.3","2025-12-14 17:16:32.789475-08"
"1379183",10,10,8,1,1,"2","0.5","1.5","2025-12-14 17:16:32.290763-08"
"1379184",10,10,3,2,5,"1.2","2.1","-0.9","2025-12-14 17:16:27.945916-08"
"1379185",10,10,3,1,6,"0.8","2.2","-1.4","2025-12-14 17:16:35.158256-08"
"1379186",10,9,3,3,3,"1.5555556","1.4444444","0.11111111","2025-12-14 17:16:31.322909-08"
"1379187",10,10,5,3,2,"2","1.1","0.9","2025-12-14 17:16:33.246537-08"
"1379188",10,10,1,3,6,"0.8","1.7","-0.9","2025-12-14 17:16:38.821561-08"
"1379189",10,10,6,2,2,"1.5","1.1","0.4","2025-12-14 17:17:05.278517-08"
"1379190",10,10,1,0,9,"0.6","3.2","-2.6","2025-12-14 17:16:56.984635-08"
"1379191",10,10,4,3,3,"1.5","1.4","0.1","2025-12-14 17:17:00.286264-08"
"1379192",10,10,1,1,8,"0.5","1.9","-1.4","2025-12-14 17:16:55.071258-08"
"1379193",10,10,0,3,7,"0.5","1.6","-1.1","2025-12-14 17:17:00.739746-08"
"1379194",10,8,3,2,3,"1.25","1","0.25","2025-12-14 17:17:12.712529-08"
"1379195",10,10,5,4,1,"1.6","0.8","0.8","2025-12-14 17:16:55.551418-08"
"1379196",10,10,9,0,1,"2.9","0.6","2.3","2025-12-14 17:16:54.600422-08"
"1379197",10,10,5,2,3,"2","1.4","0.6","2025-12-14 17:17:01.23217-08"
"1379198",10,10,4,4,2,"1","1.2","-0.2","2025-12-14 17:16:51.210615-08"
"1379199",10,10,4,4,2,"1.9","1.3","0.6","2025-12-14 17:17:26.877137-08"
"1379200",10,10,3,3,4,"1.3","1.5","-0.2","2025-12-14 17:17:18.166332-08"
"1379201",10,10,7,1,2,"2.3","1","1.3","2025-12-14 17:17:20.144314-08"
"1379202",10,9,0,1,8,"0.5555556","2.5555556","-2","2025-12-14 17:17:19.217353-08"
"1379203",10,10,8,1,1,"2.3","1.2","1.1","2025-12-14 17:17:21.081906-08"
"1379204",10,10,6,3,1,"1.4","0.8","0.6","2025-12-14 17:17:28.372162-08"
"1379205",10,10,3,7,0,"1.2","0.7","0.5","2025-12-14 17:17:25.464341-08"
"1379206",10,10,2,4,4,"0.7","1.3","-0.6","2025-12-14 17:17:36.299728-08"
"1379207",10,10,5,1,4,"1.7","1.4","0.3","2025-12-14 17:17:30.532102-08"
"1379208",10,10,4,2,4,"0.9","1","-0.1","2025-12-14 17:17:18.629691-08"
"1379209",10,10,7,3,0,"2.5","0.7","1.8","2025-12-14 17:17:41.576159-08"
"1379210",10,10,4,2,4,"1.2","1.7","-0.5","2025-12-14 17:17:45.059852-08"
"1379211",10,10,2,5,3,"1.2","1.2","0","2025-12-14 17:17:43.178854-08"
"1379212",10,10,3,3,4,"1.3","1.1","0.2","2025-12-14 17:17:45.52061-08"
"1379213",10,10,3,4,3,"1.1","1.1","0","2025-12-14 17:17:42.685145-08"
"1379214",10,10,3,3,4,"1.1","1.3","-0.2","2025-12-14 17:17:44.562114-08"
"1379215",10,10,5,2,3,"1.6","1.5","0.1","2025-12-14 17:17:42.06974-08"
"1379216",10,10,2,3,5,"1.4","1.9","-0.5","2025-12-14 17:17:43.635702-08"
"1379217",10,10,7,1,2,"2.5","1.6","0.9","2025-12-14 17:17:46.010986-08"
"1379218",10,10,3,2,5,"1.5","2.4","-0.9","2025-12-14 17:17:44.095318-08"
"1379219",10,10,7,2,1,"2.5","1.1","1.4","2025-12-14 17:18:05.040586-08"
"1379220",10,10,1,2,7,"0.7","1.6","-0.9","2025-12-14 17:18:04.079325-08"
"1379221",10,9,6,1,2,"2.1111112","1.3333334","0.7777778","2025-12-14 17:18:01.532637-08"
"1379222",10,10,5,2,3,"1.5","1","0.5","2025-12-14 17:18:04.563899-08"
"1379223",10,10,3,0,7,"0.9","1.8","-0.9","2025-12-14 17:18:02.630356-08"
"1379224",10,10,10,0,0,"3.2","1","2.2","2025-12-14 17:18:00.466471-08"
"1379225",10,10,3,5,2,"1.2","1.1","0.1","2025-12-14 17:18:02.022562-08"
"1379226",10,10,0,4,6,"0.7","1.7","-1","2025-12-14 17:18:00.955169-08"
"1379227",10,10,1,3,6,"1.2","2.3","-1.1","2025-12-14 17:18:03.110394-08"
"1379228",10,10,4,1,5,"1","1.2","-0.2","2025-12-14 17:18:03.586071-08"
"1379229",10,10,5,3,2,"1.5","1.2","0.3","2025-12-14 17:18:28.636664-08"
"1379230",10,10,3,3,4,"1.2","1.3","-0.1","2025-12-14 17:18:31.064711-08"
"1379231",10,10,7,3,0,"2.7","0.8","1.9","2025-12-14 17:18:29.124073-08"
"1379232",10,10,8,1,1,"2.3","1.1","1.2","2025-12-14 17:18:30.599967-08"
"1379233",10,10,2,2,6,"0.8","2","-1.2","2025-12-14 17:18:31.994291-08"
"1379234",10,10,6,2,2,"2.2","0.9","1.3","2025-12-14 17:18:31.537487-08"
"1379235",10,8,3,1,4,"1","1.125","-0.125","2025-12-14 17:18:30.134338-08"
"1379236",10,10,3,3,4,"1.4","1.2","0.2","2025-12-14 17:18:29.642695-08"
"1379237",10,10,2,1,7,"1.2","2","-0.8","2025-12-14 17:18:32.468894-08"
"1379238",10,10,4,5,1,"1.9","1.2","0.7","2025-12-14 17:18:32.942761-08"
"1379239",10,10,6,3,1,"2.2","0.9","1.3","2025-12-14 17:18:52.892603-08"
"1379240",10,5,2,1,2,"1.4","1.2","0.2","2025-12-14 17:18:56.354951-08"
"1379241",10,10,4,3,3,"1.2","1.7","-0.5","2025-12-14 17:18:54.923879-08"
"1379242",10,7,4,0,3,"1.4285715","1.5714285","-0.14285715","2025-12-14 17:18:54.444883-08"
"1379243",10,10,3,3,4,"1.1","1","0.1","2025-12-14 17:18:55.87796-08"
"1379244",10,8,1,1,6,"0.875","3.125","-2.25","2025-12-14 17:18:55.390559-08"
"1379245",10,10,9,1,0,"2.8","0.7","2.1","2025-12-14 17:18:57.31915-08"
"1379246",10,10,4,2,4,"1.1","1.2","-0.1","2025-12-14 17:18:53.972728-08"
"1379247",10,10,5,2,3,"1.5","0.9","0.6","2025-12-14 17:18:56.833045-08"
"1379248",10,10,4,3,3,"1.1","1.1","0","2025-12-14 17:18:53.496408-08"
"1379249",10,10,5,2,3,"1","1.1","-0.1","2025-12-14 17:19:14.004935-08"
"1379250",10,10,1,2,7,"0.8","1.7","-0.9","2025-12-14 17:19:14.470071-08"
"1379251",10,10,3,3,4,"1.2","1.5","-0.3","2025-12-14 17:19:14.942103-08"
"1379252",10,10,6,1,3,"1.6","0.8","0.8","2025-12-14 17:19:15.859141-08"
"1379253",10,10,2,3,5,"1.3","1.3","0","2025-12-14 17:19:15.401119-08"
"1379254",10,7,2,3,2,"1","0.85714287","0.14285715","2025-12-14 17:19:16.328025-08"
"1379255",10,7,5,1,1,"2.2857144","0.2857143","2","2025-12-14 17:19:13.520477-08"
"1379256",10,10,5,2,3,"1.6","1.1","0.5","2025-12-14 17:19:12.534705-08"
"1379257",10,10,6,1,3,"1.8","1","0.8","2025-12-14 17:19:13.043153-08"
"1379258",10,10,1,1,8,"0.9","1.8","-0.9","2025-12-14 17:19:12.036868-08"
"1379259",10,10,5,2,3,"1.6","0.7","0.9","2025-12-14 17:19:43.197646-08"
"1379260",10,10,3,3,4,"1.6","1.7","-0.1","2025-12-14 17:19:40.94651-08"
"1379261",10,10,6,0,4,"1.9","1.2","0.7","2025-12-14 17:19:44.627111-08"
"1379262",10,10,3,3,4,"1","1.5","-0.5","2025-12-14 17:19:44.143484-08"
"1379263",10,10,3,4,3,"1.6","1.2","0.4","2025-12-14 17:19:42.70949-08"
"1379264",10,10,6,2,2,"2.9","1.6","1.3","2025-12-14 17:19:41.696832-08"
"1379265",10,10,6,3,1,"1.8","1.2","0.6","2025-12-14 17:19:42.217301-08"
"1379266",10,10,2,0,8,"0.8","2.2","-1.4","2025-12-14 17:19:40.48291-08"
"1379267",10,1,0,0,1,"0","1","-1","2025-12-14 17:19:45.085973-08"
"1379268",10,10,0,2,8,"0.8","2.4","-1.6","2025-12-14 17:19:43.665443-08"
"1379269",10,10,4,3,3,"1.6","1.5","0.1","2025-12-14 17:20:06.669935-08"
"1379270",10,10,3,2,5,"1.4","2","-0.6","2025-12-14 17:20:06.195214-08"
"1379271",10,10,3,2,5,"1.7","1.9","-0.2","2025-12-14 17:20:08.120161-08"
"1379272",10,10,2,3,5,"0.6","1.5","-0.9","2025-12-14 17:20:07.6264-08"
"1379273",10,10,2,2,6,"1.4","2.2","-0.8","2025-12-14 17:20:04.630756-08"
"1379274",10,10,3,5,2,"1.1","1.3","-0.2","2025-12-14 17:20:09.101943-08"
"1379275",10,10,5,3,2,"2.1","1.3","0.8","2025-12-14 17:20:07.130307-08"
"1379276",10,10,1,2,7,"0.6","1.6","-1","2025-12-14 17:20:05.697548-08"
"1379277",10,9,5,0,4,"1.5555556","1.2222222","0.33333334","2025-12-14 17:20:08.593779-08"
"1379278",10,10,1,0,9,"0.5","2","-1.5","2025-12-14 17:20:05.231994-08"
"1379279",10,10,6,2,2,"1.9","0.9","1","2025-12-14 17:20:47.220766-08"
"1379280",10,9,2,3,4,"0.8888889","1.4444444","-0.5555556","2025-12-14 17:20:48.684968-08"
"1379281",10,10,3,5,2,"1.3","0.9","0.4","2025-12-14 17:20:48.196081-08"
"1379282",10,10,0,2,8,"0.8","2.3","-1.5","2025-12-14 17:20:51.069339-08"
"1379283",10,10,2,5,3,"0.6","1.3","-0.7","2025-12-14 17:20:49.180325-08"
"1379284",10,10,4,4,2,"1.8","1.5","0.3","2025-12-14 17:20:50.587032-08"
"1379285",10,9,6,3,0,"2.6666667","0.7777778","1.8888888","2025-12-14 17:20:51.533993-08"
"1379286",10,9,2,2,5,"1.5555556","2.1111112","-0.5555556","2025-12-14 17:20:49.641092-08"
"1379287",10,10,0,2,8,"0.7","2","-1.3","2025-12-14 17:20:50.113773-08"
"1379288",10,10,5,0,5,"1.3","1.1","0.2","2025-12-14 17:20:47.6924-08"
"1379289",10,10,5,4,1,"2","0.8","1.2","2025-12-14 17:21:14.718191-08"
"1379290",10,10,3,1,6,"1.8","1.8","0","2025-12-14 17:21:14.227635-08"
"1379291",10,10,2,5,3,"1.2","1.5","-0.3","2025-12-14 17:21:13.286934-08"
"1379292",10,10,6,2,2,"2.3","1.6","0.7","2025-12-14 17:21:12.821541-08"
"1379293",10,10,2,2,6,"0.8","1.5","-0.7","2025-12-14 17:21:10.90425-08"
"1379294",10,10,4,1,5,"1.4","1.7","-0.3","2025-12-14 17:21:11.854287-08"
"1379295",10,10,4,4,2,"1.5","1.3","0.2","2025-12-14 17:21:13.75396-08"
"1379296",10,10,3,5,2,"1.3","1.3","0","2025-12-14 17:21:10.429597-08"
"1379297",10,9,1,4,4,"0.8888889","1.3333334","-0.44444445","2025-12-14 17:21:11.384644-08"
"1379298",10,10,5,1,4,"1.7","1.7","0","2025-12-14 17:21:12.351855-08"
"1379299",10,10,5,1,4,"1.2","1","0.2","2025-12-14 17:21:42.971897-08"
"1379300",10,7,2,1,4,"2.142857","2","0.14285715","2025-12-14 17:21:40.585495-08"
"1379301",10,10,5,0,5,"2.2","1.8","0.4","2025-12-14 17:21:40.123835-08"
"1379302",10,10,0,0,10,"0.2","3.6","-3.4","2025-12-14 17:21:39.187304-08"
"1379303",10,10,1,0,9,"0.8","2.1","-1.3","2025-12-14 17:21:42.477026-08"
"1379304",10,10,3,4,3,"1","1.1","-0.1","2025-12-14 17:21:41.04682-08"
"1379305",10,10,5,2,3,"1.8","1.7","0.1","2025-12-14 17:21:43.425984-08"
"1379306",10,4,2,1,1,"0.75","0.5","0.25","2025-12-14 17:21:41.521135-08"
"1379307",10,10,5,3,2,"1.2","0.7","0.5","2025-12-14 17:21:39.650473-08"
"1379308",10,10,5,3,2,"1.6","1.1","0.5","2025-12-14 17:21:42.016096-08"
"1379309",10,10,6,3,1,"2","0.9","1.1","2025-12-14 17:21:59.181426-08"
"1379310",10,10,6,0,4,"1.4","1.8","-0.4","2025-12-14 17:21:57.437653-08"
"1379311",10,10,2,4,4,"0.6","1","-0.4","2025-12-14 17:21:59.752944-08"
"1379312",10,10,7,1,2,"1.7","0.9","0.8","2025-12-14 17:22:00.703967-08"
"1379313",10,10,6,3,1,"2","0.8","1.2","2025-12-14 17:22:01.47244-08"
"1379314",10,10,0,2,8,"0.3","2.3","-2","2025-12-14 17:22:02.48579-08"
"1379315",10,10,3,4,3,"1.4","1.1","0.3","2025-12-14 17:21:58.700887-08"
"1379316",10,10,4,3,3,"1.6","2.2","-0.6","2025-12-14 17:21:58.211758-08"
"1379317",10,10,3,3,4,"1.3","1.3","0","2025-12-14 17:22:00.212788-08"
"1379318",10,7,3,2,2,"1.1428572","1.2857143","-0.14285715","2025-12-14 17:22:01.940581-08"
"1379319",10,10,6,3,1,"2.4","0.9","1.5","2025-12-14 17:22:23.777522-08"
"1379320",10,10,2,3,5,"1.3","1.8","-0.5","2025-12-14 17:22:25.397909-08"
"1379321",10,10,0,3,7,"0.8","1.7","-0.9","2025-12-14 17:22:24.355812-08"
"1379322",10,10,2,4,4,"1.2","1.6","-0.4","2025-12-14 17:22:22.853708-08"
"1379323",10,10,3,5,2,"1","0.8","0.2","2025-12-14 17:22:22.374035-08"
"1379324",10,9,6,1,2,"1.4444444","0.7777778","0.6666667","2025-12-14 17:22:23.309122-08"
"1379325",10,10,3,1,6,"1.7","2.1","-0.4","2025-12-14 17:22:26.406438-08"
"1379326",10,10,3,1,6,"0.8","1.9","-1.1","2025-12-14 17:22:24.831793-08"
"1379327",10,8,6,0,2,"2.625","1.375","1.25","2025-12-14 17:22:25.913286-08"
"1379328",10,10,3,1,6,"1.2","2.3","-1.1","2025-12-14 17:22:21.916987-08"
"1379329",10,10,6,3,1,"1.7","0.5","1.2","2025-12-14 17:23:01.717409-08"
"1379330",10,10,0,3,7,"0.9","2.1","-1.2","2025-12-14 17:23:04.26645-08"
"1379331",10,10,1,0,9,"0.9","2.8","-1.9","2025-12-14 17:23:00.640912-08"
"1379332",10,9,2,5,2,"0.8888889","1.1111112","-0.22222222","2025-12-14 17:23:02.702265-08"
"1379333",10,10,8,1,1,"1.9","0.8","1.1","2025-12-14 17:23:02.201771-08"
"1379334",10,10,5,2,3,"1.7","1","0.7","2025-12-14 17:23:00.150003-08"
"1379335",10,10,1,3,6,"0.5","1.6","-1.1","2025-12-14 17:23:03.793417-08"
"1379336",10,10,6,1,3,"1.9","1","0.9","2025-12-14 17:22:59.636606-08"
"1379337",10,10,4,3,3,"2","1.9","0.1","2025-12-14 17:23:03.195347-08"
"1379338",10,10,5,2,3,"1.3","1.1","0.2","2025-12-14 17:23:01.147484-08"
"1379339",10,10,6,1,3,"1.7","1.2","0.5","2025-12-14 17:23:15.068732-08"
"1379340",10,10,4,3,3,"1.2","1.1","0.1","2025-12-14 17:23:18.133817-08"
"1379341",10,10,1,2,7,"1.1","2.5","-1.4","2025-12-14 17:23:16.030519-08"
"1379342",10,10,2,1,7,"0.8","1.8","-1","2025-12-14 17:23:16.597681-08"
"1379343",10,9,6,1,2,"2.3333333","1.1111112","1.2222222","2025-12-14 17:23:14.489885-08"
"1379344",10,10,6,1,3,"1.8","1.2","0.6","2025-12-14 17:23:15.543326-08"
"1379345",10,10,0,4,6,"0.8","1.9","-1.1","2025-12-14 17:23:17.078675-08"
"1379346",10,10,4,1,5,"1.5","2.1","-0.6","2025-12-14 17:23:17.561636-08"
"1379347",10,10,5,4,1,"2.3","0.9","1.4","2025-12-14 17:23:18.598155-08"
"1379348",10,10,5,3,2,"1.9","1.3","0.6","2025-12-14 17:23:19.067928-08"
"1387842",10,10,5,3,2,"1.2","1.1","0.1","2025-12-14 17:15:51.040146-08"
"1387843",10,10,3,2,5,"0.9","1.1","-0.2","2025-12-14 17:15:51.523157-08"
"1387844",10,10,5,5,0,"1.7","1","0.7","2025-12-14 17:15:45.025005-08"
"1387845",10,10,3,3,4,"1.1","1.5","-0.4","2025-12-14 17:15:50.566054-08"
"1387846",10,10,8,2,0,"1.9","0.7","1.2","2025-12-14 17:15:47.392946-08"
"1387847",10,10,5,0,5,"1.5","1.3","0.2","2025-12-14 17:15:41.422655-08"
"1387848",10,10,4,3,3,"1.2","1.2","0","2025-12-14 17:15:43.608371-08"
"1387849",10,1,1,0,0,"2","1","1","2025-12-14 17:15:54.493184-08"
"1387850",10,10,2,2,6,"0.5","1.3","-0.8","2025-12-14 17:15:36.048195-08"
"1387851",10,10,1,4,5,"1","2","-1","2025-12-14 17:16:36.702375-08"
"1387852",10,9,6,2,1,"1.5555556","1.1111112","0.44444445","2025-12-14 17:16:33.712452-08"
"1387853",10,10,4,3,3,"1.6","1.4","0.2","2025-12-14 17:16:47.722336-08"
"1387854",10,10,3,5,2,"1.8","1.5","0.3","2025-12-14 17:16:25.804663-08"
"1387855",10,3,2,0,1,"4","1.3333334","2.6666667","2025-12-14 17:16:39.761933-08"
"1387856",10,10,7,2,1,"3","1.2","1.8","2025-12-14 17:16:27.481586-08"
"1387857",10,7,3,4,0,"2.142857","1.2857143","0.85714287","2025-12-14 17:16:40.343381-08"
"1387858",10,9,6,2,1,"1.5555556","0.6666667","0.8888889","2025-12-14 17:16:38.339055-08"
"1387859",10,10,2,5,3,"0.7","1.1","-0.4","2025-12-14 17:16:35.732088-08"
"1387860",10,10,2,2,6,"0.9","1.9","-1","2025-12-14 17:16:49.702705-08"
"1387861",10,10,5,3,2,"2","1.1","0.9","2025-12-14 17:17:03.343032-08"
"1387862",10,9,1,4,4,"1","1.5555556","-0.5555556","2025-12-14 17:16:57.935996-08"
"1387863",10,10,5,2,3,"1.5","1.1","0.4","2025-12-14 17:17:11.752746-08"
"1387864",10,10,3,1,6,"1.3","1.4","-0.1","2025-12-14 17:16:58.889543-08"
"1387865",10,10,2,2,6,"0.9","1.8","-0.9","2025-12-14 17:17:04.294425-08"
"1387866",10,10,4,3,3,"1.1","1.1","0","2025-12-14 17:17:01.818303-08"
"1387867",10,3,1,0,2,"1","1.3333334","-0.33333334","2025-12-14 17:17:03.819617-08"
"1387868",10,10,4,1,5,"1.5","1.2","0.3","2025-12-14 17:16:56.023249-08"
"1387869",10,9,5,2,2,"1.3333334","0.7777778","0.5555556","2025-12-14 17:17:29.547202-08"
"1387870",10,10,3,5,2,"1.4","1.2","0.2","2025-12-14 17:17:13.183168-08"
"1387871",10,10,3,2,5,"1.5","1.9","-0.4","2025-12-14 17:17:20.615361-08"
"1387872",10,10,5,3,2,"1.6","1.4","0.2","2025-12-14 17:17:23.082026-08"
"1387873",10,10,7,1,2,"1.7","1.5","0.2","2025-12-14 17:17:21.551726-08"
"1387874",10,9,5,2,2,"1.5555556","0.6666667","0.8888889","2025-12-14 17:17:30.033195-08"
"1387875",10,1,0,0,1,"2","5","-3","2025-12-14 17:17:19.671003-08"
"1387876",10,10,1,3,6,"1.6","2.7","-1.1","2025-12-14 17:17:35.727647-08"
"1387877",10,10,6,2,2,"2.3","0.9","1.4","2025-12-14 17:17:28.959965-08"
"1387878",10,9,2,3,4,"0.6666667","1.3333334","-0.6666667","2025-12-14 17:17:51.706411-08"
"1387879",10,9,3,3,3,"1.1111112","1","0.11111111","2025-12-14 17:17:54.070466-08"
"1387880",10,9,4,2,3,"1.4444444","1","0.44444445","2025-12-14 17:17:55.095021-08"
"1387881",10,8,2,0,6,"1","1.875","-0.875","2025-12-14 17:17:53.606061-08"
"1387882",10,10,4,6,0,"0.9","0.5","0.4","2025-12-14 17:17:53.14041-08"
"1387883",10,9,0,3,6,"0.6666667","2.1111112","-1.4444444","2025-12-14 17:17:54.526934-08"
"1387884",10,10,1,3,6,"0.6","1.5","-0.9","2025-12-14 17:17:52.183435-08"
"1387885",10,10,3,2,5,"1.3","1.4","-0.1","2025-12-14 17:17:52.673328-08"
"1387886",10,10,7,1,2,"1.9","0.5","1.4","2025-12-14 17:17:51.174183-08"
"1387887",10,9,2,2,5,"0.8888889","1.8888888","-1","2025-12-14 17:18:16.775004-08"
"1387888",10,10,3,5,2,"1.1","1.1","0","2025-12-14 17:18:14.802545-08"
"1387889",10,10,4,2,4,"0.7","0.8","-0.1","2025-12-14 17:18:18.778096-08"
"1387890",10,10,4,2,4,"1.7","1.4","0.3","2025-12-14 17:18:17.712003-08"
"1387891",10,10,3,6,1,"1.6","1","0.6","2025-12-14 17:18:16.318301-08"
"1387892",10,9,2,1,6,"0.8888889","1.8888888","-1","2025-12-14 17:18:17.243197-08"
"1387893",10,10,4,6,0,"3","1.5","1.5","2025-12-14 17:18:15.740377-08"
"1387894",10,10,2,4,4,"0.8","1","-0.2","2025-12-14 17:18:18.172333-08"
"1387895",10,10,3,1,6,"0.9","1.8","-0.9","2025-12-14 17:18:15.263631-08"
"1387896",10,10,2,2,6,"0.6","1.3","-0.7","2025-12-14 17:18:40.748769-08"
"1387897",10,10,3,4,3,"1","1.1","-0.1","2025-12-14 17:18:38.691534-08"
"1387898",10,10,3,1,6,"1","2.4","-1.4","2025-12-14 17:18:39.160093-08"
"1387899",10,10,4,3,3,"2.4","1.7","0.7","2025-12-14 17:18:39.975536-08"
"1387900",10,10,4,4,2,"1.2","0.9","0.3","2025-12-14 17:18:41.219902-08"
"1387901",10,10,4,4,2,"1.4","1.1","0.3","2025-12-14 17:18:38.101814-08"
"1387902",10,9,9,0,0,"2.8888888","0.5555556","2.3333333","2025-12-14 17:18:42.698019-08"
"1387903",10,10,3,2,5,"1.6","1.8","-0.2","2025-12-14 17:18:42.228219-08"
"1387904",10,5,3,1,1,"1.8","1.2","0.6","2025-12-14 17:18:41.746652-08"
"1387905",10,7,0,1,6,"0.71428573","3.5714285","-2.857143","2025-12-14 17:19:04.090008-08"
"1387906",10,10,6,3,1,"1.4","0.6","0.8","2025-12-14 17:19:03.12944-08"
"1387907",10,9,2,3,4,"0.8888889","1.1111112","-0.22222222","2025-12-14 17:19:02.675769-08"
"1387908",10,10,5,1,4,"1.4","1.3","0.1","2025-12-14 17:19:05.079266-08"
"1387909",10,9,2,1,6,"1.3333334","1.8888888","-0.5555556","2025-12-14 17:19:06.127763-08"
"1387910",10,10,8,1,1,"1.7","0.4","1.3","2025-12-14 17:19:04.591123-08"
"1387911",10,1,0,1,0,"1","1","0","2025-12-14 17:19:03.619112-08"
"1387912",10,10,3,3,4,"1.4","1.6","-0.2","2025-12-14 17:19:06.589693-08"
"1387913",10,10,3,2,5,"1.1","1.3","-0.2","2025-12-14 17:19:05.661457-08"
"1387914",10,9,3,0,6,"0.6666667","1.4444444","-0.7777778","2025-12-14 17:19:29.766619-08"
"1387915",10,10,5,2,3,"1.1","0.9","0.2","2025-12-14 17:19:27.384114-08"
"1387916",10,10,2,3,5,"0.9","1.3","-0.4","2025-12-14 17:19:30.234187-08"
"1387917",10,10,6,0,4,"2.7","1.3","1.4","2025-12-14 17:19:28.355768-08"
"1387918",10,1,0,1,0,"3","3","0","2025-12-14 17:19:28.827761-08"
"1387919",10,10,4,4,2,"1.3","1","0.3","2025-12-14 17:19:30.711286-08"
"1387920",10,10,6,1,3,"1.5","1.3","0.2","2025-12-14 17:19:27.844607-08"
"1387921",10,10,5,2,3,"1.8","1.3","0.5","2025-12-14 17:19:26.720135-08"
"1387922",10,10,0,3,7,"1.2","2.7","-1.5","2025-12-14 17:19:29.28772-08"
"1387923",10,10,2,2,6,"0.7","1.7","-1","2025-12-14 17:19:50.629481-08"
"1387924",10,5,1,1,3,"1","2","-1","2025-12-14 17:19:53.103686-08"
"1387925",10,10,1,3,6,"1.1","2.3","-1.2","2025-12-14 17:19:53.606467-08"
"1387926",10,10,5,3,2,"1.5","1.1","0.4","2025-12-14 17:19:52.602573-08"
"1387927",10,9,1,5,3,"0.7777778","1.5555556","-0.7777778","2025-12-14 17:19:51.107432-08"
"1387928",10,10,7,0,3,"1.7","1","0.7","2025-12-14 17:19:54.581615-08"
"1387929",10,10,7,2,1,"2.2","0.9","1.3","2025-12-14 17:19:54.111414-08"
"1387930",10,10,0,5,5,"1","1.7","-0.7","2025-12-14 17:19:51.62105-08"
"1387931",10,5,2,1,2,"1.2","1.6","-0.4","2025-12-14 17:19:52.115214-08"
"1387932",10,10,2,3,5,"1.1","1.2","-0.1","2025-12-14 17:20:15.907969-08"
"1387933",10,10,6,3,1,"1.6","1","0.6","2025-12-14 17:20:16.944061-08"
"1387934",10,10,5,0,5,"1.3","1.5","-0.2","2025-12-14 17:20:14.989767-08"
"1387935",10,10,1,5,4,"0.8","1.3","-0.5","2025-12-14 17:20:14.520279-08"
"1387936",10,10,2,2,6,"0.9","1.6","-0.7","2025-12-14 17:20:16.474159-08"
"1387937",10,10,3,2,5,"1.1","1.4","-0.3","2025-12-14 17:20:17.408341-08"
"1387938",10,10,4,5,1,"1","0.5","0.5","2025-12-14 17:20:17.868672-08"
"1387939",10,9,8,0,1,"2.6666667","0.7777778","1.8888888","2025-12-14 17:20:18.357745-08"
"1387940",10,10,3,5,2,"1.4","1.3","0.1","2025-12-14 17:20:15.445828-08"
"1387941",10,9,1,0,8,"0.6666667","2.3333333","-1.6666666","2025-12-14 17:20:34.517847-08"
"1387942",10,10,3,2,5,"1.5","2","-0.5","2025-12-14 17:20:35.019949-08"
"1387943",10,10,6,2,2,"1.4","1","0.4","2025-12-14 17:20:35.499787-08"
"1387944",10,10,4,3,3,"1.1","1.1","0","2025-12-14 17:20:35.985518-08"
"1387945",10,9,5,2,2,"1.7777778","1.1111112","0.6666667","2025-12-14 17:20:33.558531-08"
"1387946",10,10,5,4,1,"1.2","0.5","0.7","2025-12-14 17:20:34.035134-08"
"1387947",10,10,4,2,4,"1.6","1.4","0.2","2025-12-14 17:20:37.403373-08"
"1387948",10,9,7,1,1,"2.5555556","0.8888889","1.6666666","2025-12-14 17:20:36.937401-08"
"1387949",10,10,3,3,4,"1.2","1.2","0","2025-12-14 17:20:36.458216-08"
"1387950",10,9,2,2,5,"0.8888889","1.4444444","-0.5555556","2025-12-14 17:20:58.332703-08"
"1387951",10,10,4,4,2,"1.4","1","0.4","2025-12-14 17:20:59.264629-08"
"1387952",10,10,1,3,6,"0.9","1.7","-0.8","2025-12-14 17:20:59.720528-08"
"1387953",10,10,3,4,3,"1.7","1.5","0.2","2025-12-14 17:20:57.40439-08"
"1387954",10,9,3,6,0,"1.8888888","1.1111112","0.7777778","2025-12-14 17:20:58.796674-08"
"1387955",10,5,3,0,2,"1.6","1.6","0","2025-12-14 17:21:00.689894-08"
"1387956",10,1,1,0,0,"1","0","1","2025-12-14 17:20:56.921262-08"
"1387957",10,9,7,1,1,"2.1111112","0.7777778","1.3333334","2025-12-14 17:21:00.217912-08"
"1387958",10,10,2,2,6,"1","1.6","-0.6","2025-12-14 17:20:57.870751-08"
"1387959",10,10,5,2,3,"1.1","0.9","0.2","2025-12-14 17:21:22.46896-08"
"1387960",10,10,6,2,2,"1.3","0.5","0.8","2025-12-14 17:21:20.379411-08"
"1387961",10,10,3,3,4,"1.3","1.6","-0.3","2025-12-14 17:21:23.042787-08"
"1387962",10,10,0,1,9,"0.8","2.9","-2.1","2025-12-14 17:21:19.927514-08"
"1387963",10,10,6,2,2,"2","1.2","0.8","2025-12-14 17:21:23.521882-08"
"1387964",10,9,8,1,0,"2.4444444","0.8888889","1.5555556","2025-12-14 17:21:20.844564-08"
"1387965",10,10,2,3,5,"0.9","1.4","-0.5","2025-12-14 17:21:21.990241-08"
"1387966",10,10,8,1,1,"2.3","1.1","1.2","2025-12-14 17:21:21.419616-08"
"1387967",10,10,3,1,6,"1","1.6","-0.6","2025-12-14 17:21:23.97918-08"
"1387968",10,10,0,0,10,"0.5","2.7","-2.2","2025-12-14 17:21:50.153599-08"
"1387969",10,10,3,1,6,"1.4","1.8","-0.4","2025-12-14 17:21:51.541508-08"
"1387970",10,10,3,5,2,"0.8","0.8","0","2025-12-14 17:21:49.117917-08"
"1387971",10,9,3,4,2,"1.2222222","1.2222222","0","2025-12-14 17:21:51.081881-08"
"1387972",10,9,4,3,2,"1.5555556","1.3333334","0.22222222","2025-12-14 17:21:52.015729-08"
"1387973",10,10,4,2,4,"1.7","1.5","0.2","2025-12-14 17:21:52.501973-08"
"1387974",10,1,0,0,1,"2","4","-2","2025-12-14 17:21:49.691199-08"
"1387975",10,10,7,1,2,"1.7","0.7","1","2025-12-14 17:21:50.615476-08"
"1387976",10,9,2,1,6,"0.8888889","1.5555556","-0.6666667","2025-12-14 17:21:48.641831-08"
"1387977",10,10,2,5,3,"0.9","1.2","-0.3","2025-12-14 17:22:10.982647-08"
"1387978",10,6,5,0,1,"2.1666667","0.6666667","1.5","2025-12-14 17:22:07.801989-08"
"1387979",10,10,4,0,6,"1.7","2.2","-0.5","2025-12-14 17:22:10.499856-08"
"1387980",10,9,1,1,7,"1","2.5555556","-1.5555556","2025-12-14 17:22:11.934376-08"
"1387981",10,10,0,2,8,"0.7","1.9","-1.2","2025-12-14 17:22:09.915005-08"
"1387982",10,10,6,2,2,"1.1","0.7","0.4","2025-12-14 17:22:08.869508-08"
"1387983",10,9,1,5,3,"0.5555556","0.7777778","-0.22222222","2025-12-14 17:22:09.330072-08"
"1387984",10,10,5,3,2,"1.9","1.1","0.8","2025-12-14 17:22:11.464954-08"
"1387985",10,10,6,2,2,"1.6","1","0.6","2025-12-14 17:22:08.377408-08"
"1387986",10,10,3,3,4,"1.1","1.4","-0.3","2025-12-14 17:22:27.846454-08"
"1387987",10,10,2,4,4,"1","1.3","-0.3","2025-12-14 17:22:29.267578-08"
"1387988",10,6,0,0,6,"1","3.6666667","-2.6666667","2025-12-14 17:22:26.901649-08"
"1387989",10,10,5,2,3,"1.9","1.4","0.5","2025-12-14 17:22:29.731196-08"
"1387990",10,10,4,3,3,"1.5","1.1","0.4","2025-12-14 17:22:27.39046-08"
"1387991",10,10,2,4,4,"0.9","1.2","-0.3","2025-12-14 17:22:30.721396-08"
"1387992",10,10,9,1,0,"3.2","0.9","2.3","2025-12-14 17:22:28.803569-08"
"1387993",10,1,1,0,0,"1","0","1","2025-12-14 17:22:28.321264-08"
"1387994",10,10,1,2,7,"1","2.2","-1.2","2025-12-14 17:22:30.22468-08"
"1387995",10,10,7,1,2,"1.7","0.5","1.2","2025-12-14 17:22:51.340555-08"
"1387996",10,10,5,4,1,"2.1","1.2","0.9","2025-12-14 17:22:53.336696-08"
"1387997",10,9,4,4,1,"1.5555556","1.2222222","0.33333334","2025-12-14 17:22:50.354671-08"
"1387998",10,10,3,3,4,"1","1.3","-0.3","2025-12-14 17:22:51.815396-08"
"1387999",10,10,5,2,3,"1.2","1","0.2","2025-12-14 17:22:53.808508-08"
"1388000",10,10,3,4,3,"1.1","1.3","-0.2","2025-12-14 17:22:50.841708-08"
"1388001",10,9,4,1,4,"1.3333334","1","0.33333334","2025-12-14 17:22:52.283122-08"
"1388002",10,1,0,0,1,"1","2","-1","2025-12-14 17:22:52.750671-08"
"1388003",10,10,2,2,6,"1","1.7","-0.7","2025-12-14 17:22:54.28982-08"
"1388434",10,10,5,1,4,"1.3","1.4","-0.1","2025-12-14 17:15:07.717474-08"
"1388435",10,10,6,1,3,"2.6","1.7","0.9","2025-12-14 17:15:03.600316-08"
"1388436",10,10,3,2,5,"1.1","1.4","-0.3","2025-12-14 17:15:06.652381-08"
"1388437",10,10,0,5,5,"0.6","1.5","-0.9","2025-12-14 17:15:06.16402-08"
"1388438",10,5,1,0,4,"2.2","3.8","-1.6","2025-12-14 17:15:16.937977-08"
"1388439",10,4,4,0,0,"2.75","0.75","2","2025-12-14 17:15:15.997756-08"
"1388440",10,10,4,2,4,"1.5","1.6","-0.1","2025-12-14 17:15:11.140918-08"
"1388441",10,10,3,5,2,"1.9","1.4","0.5","2025-12-14 17:15:05.68196-08"
"1388442",10,10,4,0,6,"1.8","1.5","0.3","2025-12-14 17:15:07.12627-08"
"1388443",10,10,5,5,0,"2.2","1.4","0.8","2025-12-14 17:16:10.108184-08"
"1388444",10,10,9,1,0,"2.7","1.2","1.5","2025-12-14 17:16:12.711595-08"
"1388445",10,10,2,2,6,"1.3","1.9","-0.6","2025-12-14 17:16:12.133488-08"
"1388446",10,10,2,2,6,"1.4","2.4","-1","2025-12-14 17:16:05.603775-08"
"1388447",10,10,4,5,1,"1.6","0.9","0.7","2025-12-14 17:16:07.097585-08"
"1388448",10,4,1,2,1,"1.5","1.25","0.25","2025-12-14 17:16:09.074366-08"
"1388449",10,7,3,1,3,"0.85714287","1.4285715","-0.5714286","2025-12-14 17:16:08.093357-08"
"1388450",10,10,6,3,1,"1.9","0.8","1.1","2025-12-14 17:16:08.59439-08"
"1388451",10,10,2,1,7,"1.4","2.5","-1.1","2025-12-14 17:16:07.627838-08"
"1388452",10,10,4,3,3,"1.1","0.7","0.4","2025-12-14 17:16:24.852767-08"
"1388453",10,10,6,2,2,"1.9","1.1","0.8","2025-12-14 17:16:20.3436-08"
"1388454",10,10,1,1,8,"1","2.6","-1.6","2025-12-14 17:16:22.956537-08"
"1388455",10,10,3,1,6,"0.9","1.9","-1","2025-12-14 17:16:19.846159-08"
"1388456",10,10,3,2,5,"1.9","2.7","-0.8","2025-12-14 17:16:23.432247-08"
"1388457",10,4,1,1,2,"0.75","1","-0.25","2025-12-14 17:16:20.849517-08"
"1388458",10,10,6,4,0,"2.2","0.8","1.4","2025-12-14 17:16:22.458232-08"
"1388459",10,10,2,3,5,"1.5","1.7","-0.2","2025-12-14 17:16:19.082787-08"
"1388460",10,4,0,4,0,"1","1","0","2025-12-14 17:16:21.999016-08"
"1388461",10,10,2,1,7,"0.8","2.1","-1.3","2025-12-14 17:16:41.291097-08"
"1388462",10,7,5,1,1,"2.2857144","1","1.2857143","2025-12-14 17:16:29.88806-08"
"1388463",10,10,3,5,2,"1.2","1.5","-0.3","2025-12-14 17:16:30.832935-08"
"1388464",10,10,4,3,3,"1.3","1.1","0.2","2025-12-14 17:16:28.881924-08"
"1388465",10,10,2,2,6,"1.5","2.2","-0.7","2025-12-14 17:16:30.367706-08"
"1388466",10,10,2,3,5,"1.9","2.8","-0.9","2025-12-14 17:16:34.682464-08"
"1388467",10,10,4,3,3,"1.6","1.4","0.2","2025-12-14 17:16:39.307741-08"
"1388468",10,10,2,3,5,"1.2","1.9","-0.7","2025-12-14 17:16:26.393308-08"
"1388469",10,7,5,1,1,"2","0.71428573","1.2857143","2025-12-14 17:16:29.397237-08"
"1388470",10,10,4,5,1,"2.2","1.2","1","2025-12-14 17:16:53.607297-08"
"1388471",10,10,8,0,2,"2.7","1.4","1.3","2025-12-14 17:16:54.101279-08"
"1388472",10,9,3,1,5,"1.4444444","1.8888888","-0.44444445","2025-12-14 17:17:02.867758-08"
"1388473",10,10,6,2,2,"2.6","1.7","0.9","2025-12-14 17:16:53.11391-08"
"1388474",10,10,5,2,3,"1.6","1.1","0.5","2025-12-14 17:17:04.771773-08"
"1388475",10,10,1,4,5,"0.9","1.5","-0.6","2025-12-14 17:16:52.148364-08"
"1388476",10,10,3,3,4,"1.6","2.2","-0.6","2025-12-14 17:16:52.633889-08"
"1388477",10,10,5,2,3,"1.9","1.3","0.6","2025-12-14 17:16:50.185239-08"
"1388478",10,10,2,0,8,"0.9","2.7","-1.8","2025-12-14 17:16:57.471298-08"
"1388479",10,3,1,1,1,"1.6666666","1.3333334","0.33333334","2025-12-14 17:17:16.676697-08"
"1388480",10,5,3,2,0,"2","1","1","2025-12-14 17:17:14.683954-08"
"1388481",10,10,2,0,8,"1.6","2.8","-1.2","2025-12-14 17:17:15.616486-08"
"1388482",10,10,2,3,5,"1.4","1.9","-0.5","2025-12-14 17:17:15.156336-08"
"1388483",10,10,0,1,9,"0.2","3.9","-3.7","2025-12-14 17:17:17.62966-08"
"1388484",10,10,3,2,5,"1.6","1.9","-0.3","2025-12-14 17:17:14.220037-08"
"1388485",10,10,3,2,5,"1.1","1.3","-0.2","2025-12-14 17:17:17.143598-08"
"1388486",10,10,3,0,7,"1.8","1.7","0.1","2025-12-14 17:17:16.205822-08"
"1388487",10,10,3,3,4,"2.1","2","0.1","2025-12-14 17:17:13.646055-08"
"1388488",10,10,7,2,1,"3","0.8","2.2","2025-12-14 17:17:40.074996-08"
"1388489",10,10,0,3,7,"0.9","2.2","-1.3","2025-12-14 17:17:40.648054-08"
"1388490",10,10,1,4,5,"1","2.5","-1.5","2025-12-14 17:17:38.073071-08"
"1388491",10,10,6,2,2,"1.6","0.6","1","2025-12-14 17:17:36.877907-08"
"1388492",10,10,3,2,5,"1","1.4","-0.4","2025-12-14 17:17:39.006224-08"
"1388493",10,10,6,1,3,"1.9","1.1","0.8","2025-12-14 17:17:41.115202-08"
"1388494",10,10,1,1,8,"0.5","1.6","-1.1","2025-12-14 17:17:37.359889-08"
"1388495",10,10,4,2,4,"1.2","1.4","-0.2","2025-12-14 17:17:39.610847-08"
"1388496",10,10,2,1,7,"0.7","2.5","-1.8","2025-12-14 17:17:38.545558-08"
"1388497",10,6,4,0,2,"1.8333334","1.5","0.33333334","2025-12-14 17:18:07.081042-08"
"1388498",10,5,4,1,0,"1.6","0.8","0.8","2025-12-14 17:18:08.04697-08"
"1388499",10,10,6,2,2,"1.8","1.3","0.5","2025-12-14 17:18:06.488396-08"
"1388500",10,10,6,4,0,"2.2","1.3","0.9","2025-12-14 17:18:09.441003-08"
"1388501",10,3,0,2,1,"0.6666667","1.3333334","-0.6666667","2025-12-14 17:18:05.520846-08"
"1388502",10,10,1,3,6,"1.4","2.1","-0.7","2025-12-14 17:18:06.011776-08"
"1388503",10,10,7,0,3,"1.7","1","0.7","2025-12-14 17:18:07.572102-08"
"1388504",10,10,6,2,2,"1.5","0.8","0.7","2025-12-14 17:18:08.974945-08"
"1388505",10,10,1,1,8,"0.5","2.9","-2.4","2025-12-14 17:18:08.509683-08"
"1388506",10,10,5,2,3,"2.3","1.5","0.8","2025-12-14 17:18:25.199433-08"
"1388507",10,10,2,2,6,"1","2.1","-1.1","2025-12-14 17:18:26.700592-08"
"1388508",10,10,4,5,1,"2.1","1","1.1","2025-12-14 17:18:26.21122-08"
"1388509",10,10,3,2,5,"1.2","1.7","-0.5","2025-12-14 17:18:28.157787-08"
"1388510",10,10,4,3,3,"1.4","1.4","0","2025-12-14 17:18:24.142713-08"
"1388511",10,10,7,1,2,"2.3","1","1.3","2025-12-14 17:18:25.663607-08"
"1388512",10,8,0,3,5,"0.375","1.5","-1.125","2025-12-14 17:18:24.726062-08"
"1388513",10,10,0,5,5,"0.5","1.8","-1.3","2025-12-14 17:18:27.682379-08"
"1388514",10,10,2,3,5,"1.3","1.7","-0.4","2025-12-14 17:18:27.210677-08"
"1388515",10,10,2,4,4,"1.3","1.7","-0.4","2025-12-14 17:18:50.868165-08"
"1388516",10,10,6,2,2,"2.2","1.4","0.8","2025-12-14 17:18:48.931266-08"
"1388517",10,10,2,2,6,"0.9","1.5","-0.6","2025-12-14 17:18:49.401196-08"
"1388518",10,10,1,3,6,"1.4","2.4","-1","2025-12-14 17:18:49.894158-08"
"1388519",10,10,4,4,2,"2","1.6","0.4","2025-12-14 17:18:52.396456-08"
"1388520",10,7,1,1,5,"0.85714287","2.2857144","-1.4285715","2025-12-14 17:18:48.454305-08"
"1388521",10,6,2,2,2,"1.1666666","1","0.16666667","2025-12-14 17:18:50.363905-08"
"1388522",10,10,4,2,4,"1.8","1.5","0.3","2025-12-14 17:18:51.32582-08"
"1388523",10,10,3,4,3,"2.2","1.7","0.5","2025-12-14 17:18:51.888335-08"
"1388524",10,10,5,2,3,"1.6","1.4","0.2","2025-12-14 17:19:20.825097-08"
"1388525",10,10,2,2,6,"1","2.5","-1.5","2025-12-14 17:19:16.80093-08"
"1388526",10,10,2,3,5,"1.3","2","-0.7","2025-12-14 17:19:19.356963-08"
"1388527",10,7,1,3,3,"0.85714287","1.4285715","-0.5714286","2025-12-14 17:19:17.258338-08"
"1388528",10,10,1,3,6,"1.1","2","-0.9","2025-12-14 17:19:17.724098-08"
"1388529",10,10,6,4,0,"2.8","0.9","1.9","2025-12-14 17:19:18.311495-08"
"1388530",10,8,1,2,5,"1","1.625","-0.625","2025-12-14 17:19:19.83808-08"
"1388531",10,10,6,1,3,"1.5","1.2","0.3","2025-12-14 17:19:20.345943-08"
"1388532",10,10,6,2,2,"1.4","0.7","0.7","2025-12-14 17:19:18.782688-08"
"1388533",10,10,3,3,4,"0.9","1.6","-0.7","2025-12-14 17:19:39.529914-08"
"1388534",10,8,3,1,4,"1.75","1.25","0.5","2025-12-14 17:19:38.575867-08"
"1388535",10,10,6,2,2,"2.1","1.1","1","2025-12-14 17:19:39.051814-08"
"1388536",10,6,5,1,0,"2.3333333","0.5","1.8333334","2025-12-14 17:19:39.996297-08"
"1388537",10,10,1,4,5,"0.9","1.4","-0.5","2025-12-14 17:19:36.173566-08"
"1388538",10,10,5,2,3,"1.2","1.5","-0.3","2025-12-14 17:19:36.65632-08"
"1388539",10,10,2,2,6,"1.6","2.1","-0.5","2025-12-14 17:19:37.157832-08"
"1388540",10,10,4,1,5,"1.7","2.3","-0.6","2025-12-14 17:19:38.10735-08"
"1388541",10,10,5,2,3,"1.3","1","0.3","2025-12-14 17:19:37.626907-08"
"1388542",10,10,1,1,8,"1","2","-1","2025-12-14 17:20:00.541492-08"
"1388543",10,10,7,3,0,"2.8","0.9","1.9","2025-12-14 17:20:01.048443-08"
"1388544",10,10,5,2,3,"1.8","1","0.8","2025-12-14 17:20:03.165156-08"
"1388545",10,10,4,2,4,"2","2","0","2025-12-14 17:19:59.934121-08"
"1388546",10,6,1,0,5,"1","3.1666667","-2.1666667","2025-12-14 17:20:04.152396-08"
"1388547",10,10,1,4,5,"0.8","1.3","-0.5","2025-12-14 17:20:03.668864-08"
"1388548",10,10,6,1,3,"2.1","1.4","0.7","2025-12-14 17:20:02.145387-08"
"1388549",10,9,3,1,5,"1.5555556","1.6666666","-0.11111111","2025-12-14 17:20:01.517776-08"
"1388550",10,10,5,2,3,"2","1.7","0.3","2025-12-14 17:20:02.618266-08"
"1388551",10,10,5,3,2,"1.5","1","0.5","2025-12-14 17:20:30.301978-08"
"1388552",10,7,5,2,0,"2.142857","0.71428573","1.4285715","2025-12-14 17:20:32.458886-08"
"1388553",10,10,2,5,3,"1.1","1.4","-0.3","2025-12-14 17:20:28.829139-08"
"1388554",10,10,1,1,8,"0.9","2.8","-1.9","2025-12-14 17:20:29.324642-08"
"1388555",10,10,4,1,5,"1.1","1.5","-0.4","2025-12-14 17:20:31.87984-08"
"1388556",10,9,2,3,4,"1.2222222","1.5555556","-0.33333334","2025-12-14 17:20:31.399464-08"
"1388557",10,10,5,2,3,"1.9","1.8","0.1","2025-12-14 17:20:33.071053-08"
"1388558",10,10,8,0,2,"1.7","1.1","0.6","2025-12-14 17:20:30.798102-08"
"1388559",10,10,0,4,6,"0.8","1.8","-1","2025-12-14 17:20:29.815137-08"
"1388560",10,10,2,3,5,"0.7","1.5","-0.8","2025-12-14 17:20:44.292031-08"
"1388561",10,10,5,2,3,"1.9","1.7","0.2","2025-12-14 17:20:45.723221-08"
"1388562",10,10,2,4,4,"1.5","1.7","-0.2","2025-12-14 17:20:46.189847-08"
"1388563",10,10,6,3,1,"1.8","1.1","0.7","2025-12-14 17:20:44.774101-08"
"1388564",10,10,1,6,3,"0.7","1.2","-0.5","2025-12-14 17:20:46.660801-08"
"1388565",10,10,5,2,3,"1.4","1","0.4","2025-12-14 17:20:45.254815-08"
"1388566",10,5,0,0,5,"0.8","3.6","-2.8","2025-12-14 17:20:42.871887-08"
"1388567",10,10,6,1,3,"2.1","1.9","0.2","2025-12-14 17:20:43.829535-08"
"1388568",10,10,3,5,2,"1.6","1.3","0.3","2025-12-14 17:20:43.324747-08"
"1388569",10,10,6,1,3,"1.8","0.9","0.9","2025-12-14 17:21:06.579369-08"
"1388570",10,10,7,2,1,"2.9","1","1.9","2025-12-14 17:21:08.959861-08"
"1388571",10,10,1,5,4,"0.9","1.6","-0.7","2025-12-14 17:21:07.526652-08"
"1388572",10,10,4,1,5,"1.7","1.9","-0.2","2025-12-14 17:21:09.923137-08"
"1388573",10,7,4,1,2,"1.7142857","1","0.71428573","2025-12-14 17:21:06.089834-08"
"1388574",10,10,1,1,8,"1.1","2","-0.9","2025-12-14 17:21:09.449617-08"
"1388575",10,9,1,2,6,"0.8888889","2.1111112","-1.2222222","2025-12-14 17:21:08.005235-08"
"1388576",10,10,5,1,4,"1.1","0.9","0.2","2025-12-14 17:21:08.485393-08"
"1388577",10,10,4,2,4,"1.3","1.5","-0.2","2025-12-14 17:21:07.037789-08"
"1388578",10,10,1,5,4,"0.8","1.3","-0.5","2025-12-14 17:21:36.224532-08"
"1388579",10,10,7,1,2,"3.1","1.1","2","2025-12-14 17:21:35.138425-08"
"1388580",10,10,2,1,7,"0.8","2.2","-1.4","2025-12-14 17:21:36.710851-08"
"1388581",10,10,3,2,5,"1.1","1.9","-0.8","2025-12-14 17:21:37.786856-08"
"1388582",10,10,1,2,7,"1","1.8","-0.8","2025-12-14 17:21:38.726304-08"
"1388583",10,10,3,1,6,"1.4","3.3","-1.9","2025-12-14 17:21:38.261707-08"
"1388584",10,10,3,2,5,"1.2","1.2","0","2025-12-14 17:21:37.199489-08"
"1388585",10,10,4,3,3,"1.6","1.2","0.4","2025-12-14 17:21:34.546484-08"
"1388586",10,10,3,2,5,"1.5","1.9","-0.4","2025-12-14 17:21:35.621561-08"
"1388587",10,10,4,2,4,"1.6","1.5","0.1","2025-12-14 17:21:56.448924-08"
"1388588",10,5,4,0,1,"3.8","2.2","1.6","2025-12-14 17:21:53.508285-08"
"1388589",10,10,3,1,6,"1.7","2.6","-0.9","2025-12-14 17:21:55.981066-08"
"1388590",10,10,5,5,0,"1.5","0.6","0.9","2025-12-14 17:21:56.96139-08"
"1388591",10,10,6,0,4,"1.5","1.8","-0.3","2025-12-14 17:21:53.990194-08"
"1388592",10,10,2,5,3,"1.4","1.9","-0.5","2025-12-14 17:21:52.995698-08"
"1388593",10,4,0,0,4,"0.75","2.75","-2","2025-12-14 17:21:54.994092-08"
"1388594",10,10,5,2,3,"1.4","1.1","0.3","2025-12-14 17:21:55.510891-08"
"1388595",10,10,4,1,5,"1.4","1.3","0.1","2025-12-14 17:21:54.510249-08"
"1388596",10,10,6,2,2,"1.9","1.3","0.6","2025-12-14 17:22:19.91734-08"
"1388597",10,10,6,2,2,"2.4","1.4","1","2025-12-14 17:22:17.429041-08"
"1388598",10,4,1,2,1,"1.25","1.5","-0.25","2025-12-14 17:22:18.925637-08"
"1388599",10,10,1,5,4,"0.9","1.6","-0.7","2025-12-14 17:22:21.432866-08"
"1388600",10,10,7,1,2,"2.5","1.4","1.1","2025-12-14 17:22:20.385442-08"
"1388601",10,10,1,3,6,"0.8","1.9","-1.1","2025-12-14 17:22:18.387672-08"
"1388602",10,7,3,1,3,"1.4285715","0.85714287","0.5714286","2025-12-14 17:22:19.416715-08"
"1388603",10,10,0,5,5,"1.4","2.2","-0.8","2025-12-14 17:22:17.891202-08"
"1388604",10,10,0,1,9,"1.2","2.7","-1.5","2025-12-14 17:22:20.853387-08"
"1388605",10,10,6,1,3,"1.9","0.9","1","2025-12-14 17:22:48.441653-08"
"1388606",10,10,8,1,1,"2.6","1","1.6","2025-12-14 17:22:46.542115-08"
"1388607",10,10,5,2,3,"2.7","1.9","0.8","2025-12-14 17:22:49.877238-08"
"1388608",10,10,5,3,2,"1.7","1.5","0.2","2025-12-14 17:22:47.011522-08"
"1388609",10,10,0,4,6,"0.8","2.2","-1.4","2025-12-14 17:22:47.487879-08"
"1388610",10,4,2,1,1,"1","0.75","0.25","2025-12-14 17:22:49.398788-08"
"1388611",10,4,0,4,0,"1","1","0","2025-12-14 17:22:48.940597-08"
"1388612",10,10,3,3,4,"0.7","1.1","-0.4","2025-12-14 17:22:47.963671-08"
"1388613",10,10,2,2,6,"1.1","1.9","-0.8","2025-12-14 17:22:46.062881-08"
"1390976",10,10,1,4,5,"1.2","1.6","-0.4","2025-12-14 17:15:02.655034-08"
"1390979",10,10,5,4,1,"1.6","0.8","0.8","2025-12-14 17:15:20.008336-08"
"1390980",10,10,5,3,2,"1","0.8","0.2","2025-12-14 17:15:19.53296-08"
"1390981",10,10,5,2,3,"1.7","1.2","0.5","2025-12-14 17:15:18.450262-08"
"1390982",10,10,1,3,6,"1.1","2.3","-1.2","2025-12-14 17:15:15.033736-08"
"1390983",10,10,4,2,4,"1.2","1.3","-0.1","2025-12-14 17:15:10.190825-08"
"1390984",10,10,5,2,3,"1.3","0.9","0.4","2025-12-14 17:15:12.115982-08"
"1390985",10,10,8,2,0,"2.1","1","1.1","2025-12-14 17:15:13.167548-08"
"1390986",10,1,0,1,0,"2","2","0","2025-12-14 17:15:05.138641-08"
"1390987",10,10,3,3,4,"1","1.2","-0.2","2025-12-14 17:15:04.198373-08"
"1390988",10,10,3,0,7,"1.6","2.7","-1.1","2025-12-14 17:15:16.469567-08"
"1390989",10,3,1,1,1,"0.6666667","0.6666667","0","2025-12-14 17:15:53.053091-08"
"1390990",10,10,2,2,6,"1.1","1.7","-0.6","2025-12-14 17:15:38.593073-08"
"1390991",10,10,2,4,4,"1","1.6","-0.6","2025-12-14 17:15:43.008818-08"
"1390992",10,10,0,3,7,"0.8","2.2","-1.4","2025-12-14 17:15:44.55244-08"
"1390993",10,10,5,1,4,"1.3","1.3","0","2025-12-14 17:15:52.474503-08"
"1390994",10,10,3,4,3,"1.1","1.1","0","2025-12-14 17:15:40.958543-08"
"1390995",10,10,3,6,1,"0.8","0.3","0.5","2025-12-14 17:15:37.143591-08"
"1390996",10,10,4,5,1,"1","0.6","0.4","2025-12-14 17:15:50.077328-08"
"1390997",10,9,1,3,5,"0.7777778","1.5555556","-0.7777778","2025-12-14 17:15:54.959098-08"
"1390998",10,10,8,1,1,"2.7","1.1","1.6","2025-12-14 17:15:46.453161-08"
"1391001",10,10,2,4,4,"1","1.3","-0.3","2025-12-14 17:16:15.685448-08"
"1391002",10,8,4,2,2,"1.875","1","0.875","2025-12-14 17:16:16.663394-08"
"1391003",10,10,1,4,5,"1.2","1.7","-0.5","2025-12-14 17:16:17.13052-08"
"1391004",10,10,2,2,6,"0.9","1.6","-0.7","2025-12-14 17:16:14.268632-08"
"1391005",10,0,0,0,0,"0","0","0","2025-12-14 17:16:13.20818-08"
"1391006",10,10,4,4,2,"1.9","1.6","0.3","2025-12-14 17:16:14.736208-08"
"1391007",10,10,7,1,2,"1.9","0.9","1","2025-12-14 17:16:13.800325-08"
"1391008",10,10,5,2,3,"2.1","1.2","0.9","2025-12-14 17:16:16.175916-08"
"1391009",10,10,6,2,2,"1.4","0.9","0.5","2025-12-14 17:16:46.675431-08"
"1391010",10,10,4,2,4,"1.3","1.5","-0.2","2025-12-14 17:16:42.745217-08"
"1391011",10,10,2,6,2,"1","0.7","0.3","2025-12-14 17:16:43.683872-08"
"1391012",10,10,1,3,6,"0.7","2","-1.3","2025-12-14 17:16:45.745883-08"
"1391013",10,10,1,5,4,"0.8","1.3","-0.5","2025-12-14 17:16:41.782023-08"
"1391014",10,10,3,2,5,"0.7","1.4","-0.7","2025-12-14 17:16:42.269543-08"
"1391015",10,10,1,6,3,"0.7","1.3","-0.6","2025-12-14 17:16:44.618626-08"
"1391016",10,5,2,1,2,"0.8","0.8","0","2025-12-14 17:16:43.220354-08"
"1391017",10,10,5,2,3,"2.4","1.4","1","2025-12-14 17:16:44.145084-08"
"1391018",10,10,2,0,8,"0.7","2","-1.3","2025-12-14 17:16:46.217194-08"
"1391019",10,10,2,3,5,"0.7","1.2","-0.5","2025-12-14 17:17:08.815783-08"
"1391020",10,10,6,1,3,"1.3","0.6","0.7","2025-12-14 17:17:06.938542-08"
"1391021",10,1,1,0,0,"3","1","2","2025-12-14 17:17:10.688531-08"
"1391022",10,10,3,2,5,"1.3","1.3","0","2025-12-14 17:17:07.421535-08"
"1391023",10,10,5,3,2,"1.4","0.9","0.5","2025-12-14 17:17:08.348881-08"
"1391024",10,10,3,2,5,"1","1.4","-0.4","2025-12-14 17:17:09.284355-08"
"1391025",10,10,5,3,2,"1.1","0.8","0.3","2025-12-14 17:17:10.235708-08"
"1391026",10,10,3,2,5,"0.7","1.1","-0.4","2025-12-14 17:17:09.767266-08"
"1391027",10,10,2,7,1,"1.3","1.2","0.1","2025-12-14 17:17:05.882514-08"
"1391028",10,10,2,3,5,"1.4","2.1","-0.7","2025-12-14 17:17:06.467662-08"
"1391029",10,10,5,2,3,"1.4","1.1","0.3","2025-12-14 17:17:32.892922-08"
"1391030",10,10,4,4,2,"1.8","1.3","0.5","2025-12-14 17:17:34.766422-08"
"1391031",10,10,0,1,9,"0.4","2.9","-2.5","2025-12-14 17:17:35.231965-08"
"1391032",10,10,5,2,3,"1.2","0.9","0.3","2025-12-14 17:17:34.299683-08"
"1391033",10,10,4,2,4,"1.2","1.2","0","2025-12-14 17:17:30.995281-08"
"1391034",10,10,2,3,5,"1","1.4","-0.4","2025-12-14 17:17:33.370617-08"
"1391035",10,10,2,4,4,"0.7","1","-0.3","2025-12-14 17:17:32.403312-08"
"1391036",10,10,3,2,5,"1.2","1.9","-0.7","2025-12-14 17:17:31.938147-08"
"1391037",10,10,4,4,2,"1.3","1.1","0.2","2025-12-14 17:17:33.844873-08"
"1391038",10,9,2,4,3,"1.2222222","1.1111112","0.11111111","2025-12-14 17:17:31.462214-08"
"1391039",10,10,1,6,3,"0.5","0.8","-0.3","2025-12-14 17:17:59.956669-08"
"1391040",10,10,7,3,0,"1.8","0.8","1","2025-12-14 17:17:57.472139-08"
"1391041",10,10,7,2,1,"1.8","0.6","1.2","2025-12-14 17:17:59.003769-08"
"1391042",10,10,9,1,0,"2.3","0.4","1.9","2025-12-14 17:17:56.995739-08"
"1391043",10,10,5,2,3,"1.4","1","0.4","2025-12-14 17:17:56.526729-08"
"1391044",10,9,3,4,2,"1.4444444","1.1111112","0.33333334","2025-12-14 17:17:55.5709-08"
"1391045",10,10,8,1,1,"1.9","0.3","1.6","2025-12-14 17:17:59.490838-08"
"1391046",10,10,4,0,6,"1","1.5","-0.5","2025-12-14 17:17:56.033473-08"
"1391047",10,10,2,2,6,"1","2.3","-1.3","2025-12-14 17:17:58.039884-08"
"1391048",10,10,7,2,1,"1.9","0.8","1.1","2025-12-14 17:17:58.533649-08"
"1391049",10,10,0,7,3,"0.9","1.3","-0.4","2025-12-14 17:18:21.595445-08"
"1391050",10,10,5,3,2,"1.5","1.1","0.4","2025-12-14 17:18:20.645802-08"
"1391051",10,10,0,4,6,"0.5","1.2","-0.7","2025-12-14 17:18:19.698827-08"
"1391052",10,10,2,2,6,"1.4","2.2","-0.8","2025-12-14 17:18:20.169521-08"
"1391053",10,9,1,4,4,"0.8888889","1.3333334","-0.44444445","2025-12-14 17:18:23.654149-08"
"1391054",10,10,1,2,7,"0.8","1.7","-0.9","2025-12-14 17:18:22.075859-08"
"1391055",10,10,0,2,8,"0.6","2.3","-1.7","2025-12-14 17:18:22.550307-08"
"1391056",10,10,7,2,1,"1.8","0.9","0.9","2025-12-14 17:18:23.038811-08"
"1391057",10,1,0,0,1,"0","1","-1","2025-12-14 17:18:21.119298-08"
"1391058",10,10,4,3,3,"1.5","1.4","0.1","2025-12-14 17:18:19.228953-08"
"1391059",10,10,2,3,5,"1","1.5","-0.5","2025-12-14 17:18:46.418097-08"
"1391060",10,10,4,3,3,"1.2","1","0.2","2025-12-14 17:18:44.278346-08"
"1391061",10,10,3,5,2,"1.4","1.4","0","2025-12-14 17:18:47.422795-08"
"1391062",10,10,7,1,2,"2.1","1.3","0.8","2025-12-14 17:18:44.883021-08"
"1391063",10,10,5,4,1,"1.6","1.2","0.4","2025-12-14 17:18:45.940046-08"
"1391064",10,10,3,3,4,"1.1","1.4","-0.3","2025-12-14 17:18:43.791199-08"
"1391065",10,10,3,1,6,"0.9","1","-0.1","2025-12-14 17:18:45.353976-08"
"1391066",10,10,0,3,7,"0.6","2.2","-1.6","2025-12-14 17:18:46.883571-08"
"1391067",10,1,0,0,1,"0","1","-1","2025-12-14 17:18:47.907785-08"
"1391068",10,10,4,3,3,"1.3","1.2","0.1","2025-12-14 17:18:43.313425-08"
"1391069",10,10,7,0,3,"2.7","1.6","1.1","2025-12-14 17:19:09.170075-08"
"1391070",10,10,3,4,3,"1","0.9","0.1","2025-12-14 17:19:11.080017-08"
"1391071",10,10,2,4,4,"1.2","1.6","-0.4","2025-12-14 17:19:07.640213-08"
"1391072",10,10,4,4,2,"1.2","1","0.2","2025-12-14 17:19:07.165557-08"
"1391073",10,10,3,3,4,"1.2","1","0.2","2025-12-14 17:19:10.121275-08"
"1391074",10,10,2,3,5,"0.6","0.8","-0.2","2025-12-14 17:19:10.605137-08"
"1391075",10,10,1,1,8,"0.8","1.9","-1.1","2025-12-14 17:19:08.220351-08"
"1391076",10,10,8,1,1,"1.2","0.2","1","2025-12-14 17:19:08.70069-08"
"1391077",10,2,0,0,2,"0","2","-2","2025-12-14 17:19:11.576153-08"
"1391078",10,10,4,2,4,"1.4","1.3","0.1","2025-12-14 17:19:09.653415-08"
"1391079",10,10,1,1,8,"0.5","2.3","-1.8","2025-12-14 17:19:34.186586-08"
"1391080",10,9,5,3,1,"1.5555556","0.7777778","0.7777778","2025-12-14 17:19:31.215974-08"
"1391081",10,10,1,0,9,"1.1","2.8","-1.7","2025-12-14 17:19:32.705679-08"
"1391082",10,7,4,1,2,"1.2857143","0.71428573","0.5714286","2025-12-14 17:19:32.227234-08"
"1391083",10,10,2,3,5,"0.8","1","-0.2","2025-12-14 17:19:31.724816-08"
"1391084",10,7,3,2,2,"1.8571428","1.2857143","0.5714286","2025-12-14 17:19:34.668818-08"
"1391085",10,10,3,5,2,"1.3","1.3","0","2025-12-14 17:19:33.730273-08"
"1391086",10,10,5,4,1,"1.7","0.7","1","2025-12-14 17:19:33.164219-08"
"1391087",10,10,2,3,5,"0.9","0.9","0","2025-12-14 17:19:35.23688-08"
"1391088",10,10,4,4,2,"1.6","1","0.6","2025-12-14 17:19:35.694386-08"
"1391089",10,10,3,2,5,"1.2","2.1","-0.9","2025-12-14 17:19:57.98408-08"
"1391090",10,10,7,2,1,"2.5","1","1.5","2025-12-14 17:19:55.565434-08"
"1391091",10,10,8,1,1,"2.4","0.8","1.6","2025-12-14 17:19:57.509948-08"
"1391092",10,10,2,3,5,"1.4","1.8","-0.4","2025-12-14 17:19:58.974409-08"
"1391093",10,10,4,2,4,"1.4","1.5","-0.1","2025-12-14 17:19:56.982358-08"
"1391094",10,10,3,2,5,"1.1","1.3","-0.2","2025-12-14 17:19:56.495267-08"
"1391095",10,10,5,1,4,"1.9","1.7","0.2","2025-12-14 17:19:58.493939-08"
"1391096",10,10,7,3,0,"2.5","0.9","1.6","2025-12-14 17:19:55.07419-08"
"1391097",10,10,4,1,5,"1.3","1.2","0.1","2025-12-14 17:19:59.456794-08"
"1391098",10,1,1,0,0,"2","1","1","2025-12-14 17:19:56.027537-08"
"1391099",10,10,3,4,3,"1.3","1.3","0","2025-12-14 17:20:18.835059-08"
"1391100",10,10,4,3,3,"1.1","0.8","0.3","2025-12-14 17:20:21.218598-08"
"1391101",10,10,7,2,1,"2.2","0.8","1.4","2025-12-14 17:20:19.805872-08"
"1391102",10,9,3,4,2,"1.2222222","1","0.22222222","2025-12-14 17:20:19.303227-08"
"1391103",10,10,5,2,3,"0.9","0.6","0.3","2025-12-14 17:20:20.73736-08"
"1391104",10,9,3,3,3,"1","1","0","2025-12-14 17:20:20.268847-08"
"1391105",10,8,2,2,4,"1","1.875","-0.875","2025-12-14 17:20:22.32866-08"
"1391106",10,10,2,4,4,"1.6","2.1","-0.5","2025-12-14 17:20:21.738483-08"
"1391107",10,10,3,5,2,"1.1","0.8","0.3","2025-12-14 17:20:22.797879-08"
"1391108",10,10,4,2,4,"1.5","1.4","0.1","2025-12-14 17:20:23.368004-08"
"1391109",10,10,3,2,5,"0.9","1.3","-0.4","2025-12-14 17:20:39.439777-08"
"1391110",10,10,1,1,8,"1.1","2.3","-1.2","2025-12-14 17:20:42.368644-08"
"1391111",10,10,6,3,1,"1.8","1","0.8","2025-12-14 17:20:40.428038-08"
"1391112",10,10,1,6,3,"0.8","1.5","-0.7","2025-12-14 17:20:38.936133-08"
"1391113",10,10,1,1,8,"0.5","1.8","-1.3","2025-12-14 17:20:41.396981-08"
"1391114",10,10,1,1,8,"0.6","2.3","-1.7","2025-12-14 17:20:37.878509-08"
"1391115",10,10,3,2,5,"1.2","1.7","-0.5","2025-12-14 17:20:39.92566-08"
"1391116",10,10,4,2,4,"1.3","1.2","0.1","2025-12-14 17:20:41.891692-08"
"1391117",10,1,0,0,1,"0","4","-4","2025-12-14 17:20:38.351741-08"
"1391118",10,10,6,2,2,"1.7","1.1","0.6","2025-12-14 17:20:40.917648-08"
"1391119",10,10,4,4,2,"1.2","1.2","0","2025-12-14 17:21:01.649065-08"
"1391120",10,10,7,3,0,"2.2","0.8","1.4","2025-12-14 17:21:03.116196-08"
"1391121",10,1,0,1,0,"2","2","0","2025-12-14 17:21:03.707624-08"
"1391122",10,10,2,1,7,"0.9","1.9","-1","2025-12-14 17:21:01.159289-08"
"1391123",10,10,3,4,3,"0.9","1.2","-0.3","2025-12-14 17:21:04.644166-08"
"1391124",10,10,6,2,2,"1.6","0.9","0.7","2025-12-14 17:21:02.653338-08"
"1391125",10,10,1,2,7,"1","2.1","-1.1","2025-12-14 17:21:05.601333-08"
"1391126",10,10,6,2,2,"2.4","1.1","1.3","2025-12-14 17:21:02.138153-08"
"1391127",10,10,4,3,3,"1.2","0.9","0.3","2025-12-14 17:21:05.117514-08"
"1391128",10,10,1,2,7,"0.8","2.1","-1.3","2025-12-14 17:21:04.177859-08"
"1391129",10,9,2,3,4,"0.6666667","0.7777778","-0.11111111","2025-12-14 17:21:25.99488-08"
"1391130",10,10,5,0,5,"0.7","1","-0.3","2025-12-14 17:21:24.442426-08"
"1391131",10,10,1,5,4,"0.6","1","-0.4","2025-12-14 17:21:29.003488-08"
"1391132",10,10,5,4,1,"1.7","1.2","0.5","2025-12-14 17:21:24.91273-08"
"1391133",10,10,0,4,6,"0.4","1.7","-1.3","2025-12-14 17:21:28.054109-08"
"1391134",10,10,4,4,2,"1","0.9","0.1","2025-12-14 17:21:28.526659-08"
"1391135",10,10,2,5,3,"1.1","1.4","-0.3","2025-12-14 17:21:26.509013-08"
"1391136",10,10,4,2,4,"1.2","1.4","-0.2","2025-12-14 17:21:25.512163-08"
"1391137",10,10,4,1,5,"1.1","1.2","-0.1","2025-12-14 17:21:27.563306-08"
"1391138",10,10,4,3,3,"1.8","1.9","-0.1","2025-12-14 17:21:27.089812-08"
"1391139",10,10,3,4,3,"1.1","1.1","0","2025-12-14 17:21:32.996349-08"
"1391140",10,10,6,2,2,"2.4","1.8","0.6","2025-12-14 17:21:32.036592-08"
"1391141",10,10,1,1,8,"0.3","1.9","-1.6","2025-12-14 17:21:30.069846-08"
"1391142",10,10,1,3,6,"1.1","1.7","-0.6","2025-12-14 17:21:33.473297-08"
"1391143",10,10,1,1,8,"1.1","2.7","-1.6","2025-12-14 17:21:31.552836-08"
"1391144",10,10,4,3,3,"1.2","1","0.2","2025-12-14 17:21:29.492598-08"
"1391145",10,10,6,0,4,"1.2","1.1","0.1","2025-12-14 17:21:32.521922-08"
"1391146",10,10,9,0,1,"2.6","0.7","1.9","2025-12-14 17:21:30.5838-08"
"1391147",10,10,4,4,2,"1.3","1","0.3","2025-12-14 17:21:33.95858-08"
"1391148",10,1,0,0,1,"0","2","-2","2025-12-14 17:21:31.07217-08"
"1391149",10,10,2,3,5,"0.4","1","-0.6","2025-12-14 17:22:15.877492-08"
"1391150",10,0,0,0,0,"0","0","0","2025-12-14 17:22:12.903978-08"
"1391151",10,10,5,2,3,"1","0.7","0.3","2025-12-14 17:22:12.399578-08"
"1391152",10,10,2,0,8,"0.8","2.4","-1.6","2025-12-14 17:22:16.868735-08"
"1391153",10,10,1,6,3,"0.3","0.8","-0.5","2025-12-14 17:22:13.860302-08"
"1391154",10,10,4,1,5,"1.3","1.3","0","2025-12-14 17:22:14.92143-08"
"1391155",10,10,1,1,8,"0.8","2.1","-1.3","2025-12-14 17:22:14.455249-08"
"1391156",10,10,3,2,5,"1","1.3","-0.3","2025-12-14 17:22:15.392576-08"
"1391157",10,10,1,1,8,"1","2.3","-1.3","2025-12-14 17:22:13.38555-08"
"1391158",10,8,4,1,3,"2","1","1","2025-12-14 17:22:16.34622-08"
"1391159",10,10,5,2,3,"1","0.8","0.2","2025-12-14 17:22:39.74719-08"
"1391160",10,10,7,3,0,"1.8","0.6","1.2","2025-12-14 17:22:38.802677-08"
"1391161",10,10,6,0,4,"2.6","1.9","0.7","2025-12-14 17:22:39.276417-08"
"1391162",10,6,3,0,3,"1.1666666","1.1666666","0","2025-12-14 17:22:40.675338-08"
"1391163",10,10,3,2,5,"0.8","1.2","-0.4","2025-12-14 17:22:36.174288-08"
"1391164",10,10,2,2,6,"0.9","1.6","-0.7","2025-12-14 17:22:38.339451-08"
"1391165",10,10,4,3,3,"1.5","1.5","0","2025-12-14 17:22:37.249076-08"
"1391166",10,9,3,3,3,"0.6666667","0.8888889","-0.22222222","2025-12-14 17:22:40.212533-08"
"1391167",10,5,2,1,2,"1","1.2","-0.2","2025-12-14 17:22:36.67331-08"
"1391168",10,10,6,3,1,"1.8","1","0.8","2025-12-14 17:22:37.76049-08"
"1391169",10,10,0,2,8,"0.6","2.5","-1.9","2025-12-14 17:22:42.190184-08"
"1391170",10,9,4,3,2,"1.6666666","0.8888889","0.7777778","2025-12-14 17:22:43.581513-08"
"1391171",10,10,5,2,3,"1.8","1.6","0.2","2025-12-14 17:22:42.645383-08"
"1391172",10,10,1,4,5,"0.8","1.6","-0.8","2025-12-14 17:22:43.106059-08"
"1391173",10,10,4,2,4,"0.8","0.8","0","2025-12-14 17:22:45.602466-08"
"1391174",10,10,1,5,4,"1","1.8","-0.8","2025-12-14 17:22:45.121409-08"
"1391175",10,10,2,0,8,"0.7","1.5","-0.8","2025-12-14 17:22:41.733346-08"
"1391176",10,1,1,0,0,"3","0","3","2025-12-14 17:22:44.531049-08"
"1391177",10,10,1,6,3,"0.7","1","-0.3","2025-12-14 17:22:41.144368-08"
"1391178",10,10,5,3,2,"1.9","1.2","0.7","2025-12-14 17:22:44.055251-08"
"1391179",10,10,5,1,4,"1.3","1.3","0","2025-12-14 17:23:07.100172-08"
"1391180",10,10,6,3,1,"2.3","1.1","1.2","2025-12-14 17:23:05.678192-08"
"1391181",10,10,7,3,0,"3.2","1.3","1.9","2025-12-14 17:23:07.604743-08"
"1391182",10,10,3,3,4,"1","1.2","-0.2","2025-12-14 17:23:08.121684-08"
"1391183",10,10,5,3,2,"1.5","0.9","0.6","2025-12-14 17:23:05.208002-08"
"1391184",10,10,5,4,1,"1.2","0.5","0.7","2025-12-14 17:23:06.623968-08"
"1391185",10,10,2,2,6,"0.6","2","-1.4","2025-12-14 17:23:09.103154-08"
"1391186",10,10,3,5,2,"0.9","0.6","0.3","2025-12-14 17:23:04.731788-08"
"1391187",10,3,1,1,1,"0.6666667","0.6666667","0","2025-12-14 17:23:06.162071-08"
"1391188",10,10,0,2,8,"1","2.1","-1.1","2025-12-14 17:23:08.614902-08"
"1391189",10,9,3,0,6,"0.7777778","1.1111112","-0.33333334","2025-12-14 17:23:21.660534-08"
"1391190",10,10,5,1,4,"2.1","2.1","0","2025-12-14 17:23:19.544462-08"
"1391191",10,10,2,4,4,"1.6","1.9","-0.3","2025-12-14 17:23:24.196739-08"
"1391192",10,10,1,1,8,"0.9","1.8","-0.9","2025-12-14 17:23:21.172184-08"
"1391193",10,10,5,3,2,"1.5","1.1","0.4","2025-12-14 17:23:20.146514-08"
"1391194",10,10,4,1,5,"0.9","1","-0.1","2025-12-14 17:23:23.268508-08"
"1391195",10,8,2,5,1,"0.75","0.625","0.125","2025-12-14 17:23:20.708165-08"
"1391196",10,10,7,1,2,"1.6","0.5","1.1","2025-12-14 17:23:22.247324-08"
"1391197",10,10,0,1,9,"0.7","3.4","-2.7","2025-12-14 17:23:22.807548-08"
"1391198",10,10,1,5,4,"1.3","1.8","-0.5","2025-12-14 17:23:23.741625-08"
